{
"type": "FeatureCollection",
"name": "small-islands-v2",
"crs": { "type": "name", "properties": { "name": "urn:ogc:def:crs:OGC:1.3:CRS84" } },
"features": [
{ "type": "Feature", "properties": { "ID": "ID9", "name": "Southern_Macaronesia", "layer": "aux2", "path": "aux2.geojson|layername=aux2" }, "geometry": { "type": "MultiPolygon", "coordinates": [ [ [ [ -28.0, 22.0 ], [ -27.83939393939394, 22.0 ], [ -27.67878787878788, 22.0 ], [ -27.518181818181816, 22.0 ], [ -27.357575757575756, 22.0 ], [ -27.196969696969695, 22.0 ], [ -27.036363636363635, 22.0 ], [ -26.875757575757575, 22.0 ], [ -26.715151515151515, 22.0 ], [ -26.554545454545455, 22.0 ], [ -26.393939393939391, 22.0 ], [ -26.233333333333331, 22.0 ], [ -26.072727272727271, 22.0 ], [ -25.91212121212121, 22.0 ], [ -25.75151515151515, 22.0 ], [ -25.59090909090909, 22.0 ], [ -25.43030303030303, 22.0 ], [ -25.26969696969697, 22.0 ], [ -25.109090909090909, 22.0 ], [ -24.948484848484849, 22.0 ], [ -24.787878787878789, 22.0 ], [ -24.627272727272725, 22.0 ], [ -24.466666666666665, 22.0 ], [ -24.306060606060605, 22.0 ], [ -24.145454545454545, 22.0 ], [ -23.984848484848484, 22.0 ], [ -23.824242424242424, 22.0 ], [ -23.663636363636364, 22.0 ], [ -23.5030303030303, 22.0 ], [ -23.34242424242424, 22.0 ], [ -23.18181818181818, 22.0 ], [ -23.02121212121212, 22.0 ], [ -22.860606060606059, 22.0 ], [ -22.7, 22.0 ], [ -22.539393939393939, 22.0 ], [ -22.378787878787879, 22.0 ], [ -22.218181818181819, 22.0 ], [ -22.057575757575759, 22.0 ], [ -21.896969696969698, 22.0 ], [ -21.736363636363635, 22.0 ], [ -21.575757575757574, 22.0 ], [ -21.415151515151514, 22.0 ], [ -21.254545454545454, 22.0 ], [ -21.093939393939394, 22.0 ], [ -20.933333333333334, 22.0 ], [ -20.772727272727273, 22.0 ], [ -20.61212121212121, 22.0 ], [ -20.451515151515149, 22.0 ], [ -20.290909090909089, 22.0 ], [ -20.130303030303029, 22.0 ], [ -19.969696969696969, 22.0 ], [ -19.809090909090909, 22.0 ], [ -19.648484848484848, 22.0 ], [ -19.487878787878788, 22.0 ], [ -19.327272727272728, 22.0 ], [ -19.166666666666664, 22.0 ], [ -19.006060606060604, 22.0 ], [ -18.845454545454544, 22.0 ], [ -18.684848484848484, 22.0 ], [ -18.524242424242424, 22.0 ], [ -18.36363636363636, 22.0 ], [ -18.2030303030303, 22.0 ], [ -18.042424242424239, 22.0 ], [ -17.881818181818179, 22.0 ], [ -17.721212121212119, 22.0 ], [ -17.560606060606059, 22.0 ], [ -17.4, 22.0 ], [ -17.481060606060606, 21.871212121212121 ], [ -17.562121212121212, 21.742424242424242 ], [ -17.643181818181816, 21.613636363636363 ], [ -17.724242424242423, 21.484848484848484 ], [ -17.80530303030303, 21.356060606060606 ], [ -17.886363636363637, 21.227272727272727 ], [ -17.967424242424244, 21.098484848484848 ], [ -18.048484848484847, 20.969696969696969 ], [ -18.129545454545454, 20.84090909090909 ], [ -18.210606060606061, 20.712121212121211 ], [ -18.291666666666664, 20.583333333333332 ], [ -18.372727272727271, 20.454545454545453 ], [ -18.453787878787878, 20.325757575757574 ], [ -18.534848484848485, 20.196969696969695 ], [ -18.615909090909092, 20.06818181818182 ], [ -18.696969696969695, 19.939393939393941 ], [ -18.778030303030302, 19.810606060606062 ], [ -18.859090909090909, 19.681818181818183 ], [ -18.940151515151513, 19.553030303030305 ], [ -19.02121212121212, 19.424242424242426 ], [ -19.102272727272727, 19.295454545454547 ], [ -19.183333333333334, 19.166666666666668 ], [ -19.264393939393941, 19.037878787878789 ], [ -19.345454545454544, 18.90909090909091 ], [ -19.426515151515151, 18.780303030303031 ], [ -19.507575757575758, 18.651515151515152 ], [ -19.588636363636361, 18.522727272727273 ], [ -19.669696969696968, 18.393939393939394 ], [ -19.750757575757575, 18.265151515151516 ], [ -19.831818181818182, 18.136363636363637 ], [ -19.912878787878789, 18.007575757575758 ], [ -19.993939393939392, 17.878787878787879 ], [ -20.075, 17.75 ], [ -20.156060606060606, 17.621212121212121 ], [ -20.23712121212121, 17.492424242424242 ], [ -20.318181818181817, 17.363636363636363 ], [ -20.399242424242424, 17.234848484848484 ], [ -20.48030303030303, 17.106060606060606 ], [ -20.561363636363637, 16.977272727272727 ], [ -20.642424242424241, 16.848484848484848 ], [ -20.723484848484848, 16.719696969696969 ], [ -20.804545454545455, 16.59090909090909 ], [ -20.885606060606058, 16.462121212121211 ], [ -20.966666666666665, 16.333333333333332 ], [ -21.047727272727272, 16.204545454545453 ], [ -21.128787878787879, 16.075757575757574 ], [ -21.209848484848486, 15.946969696969695 ], [ -21.290909090909089, 15.818181818181818 ], [ -21.371969696969696, 15.689393939393939 ], [ -21.453030303030303, 15.560606060606061 ], [ -21.534090909090907, 15.431818181818182 ], [ -21.615151515151513, 15.303030303030303 ], [ -21.69621212121212, 15.174242424242424 ], [ -21.777272727272727, 15.045454545454545 ], [ -21.858333333333334, 14.916666666666666 ], [ -21.939393939393941, 14.787878787878787 ], [ -22.020454545454548, 14.659090909090908 ], [ -22.101515151515152, 14.530303030303029 ], [ -22.182575757575759, 14.40151515151515 ], [ -22.263636363636365, 14.272727272727272 ], [ -22.344696969696969, 14.143939393939393 ], [ -22.425757575757576, 14.015151515151514 ], [ -22.506818181818183, 13.886363636363637 ], [ -22.58787878787879, 13.757575757575758 ], [ -22.668939393939397, 13.628787878787879 ], [ -22.75, 13.5 ], [ -22.912777777777777, 13.5 ], [ -23.075555555555557, 13.5 ], [ -23.238333333333333, 13.5 ], [ -23.40111111111111, 13.5 ], [ -23.56388888888889, 13.5 ], [ -23.726666666666667, 13.5 ], [ -23.889444444444443, 13.5 ], [ -24.052222222222223, 13.5 ], [ -24.215, 13.5 ], [ -24.377777777777776, 13.5 ], [ -24.540555555555557, 13.5 ], [ -24.703333333333333, 13.5 ], [ -24.86611111111111, 13.5 ], [ -25.02888888888889, 13.5 ], [ -25.191666666666666, 13.5 ], [ -25.354444444444443, 13.5 ], [ -25.517222222222223, 13.5 ], [ -25.68, 13.5 ], [ -25.722962962962963, 13.657407407407408 ], [ -25.765925925925927, 13.814814814814815 ], [ -25.808888888888887, 13.972222222222221 ], [ -25.851851851851851, 14.12962962962963 ], [ -25.894814814814815, 14.287037037037038 ], [ -25.937777777777779, 14.444444444444445 ], [ -25.980740740740742, 14.601851851851851 ], [ -26.023703703703703, 14.75925925925926 ], [ -26.066666666666666, 14.916666666666668 ], [ -26.10962962962963, 15.074074074074074 ], [ -26.15259259259259, 15.231481481481481 ], [ -26.195555555555554, 15.388888888888889 ], [ -26.238518518518518, 15.546296296296298 ], [ -26.281481481481482, 15.703703703703704 ], [ -26.324444444444445, 15.861111111111111 ], [ -26.367407407407406, 16.018518518518519 ], [ -26.410370370370369, 16.175925925925924 ], [ -26.453333333333333, 16.333333333333332 ], [ -26.496296296296297, 16.49074074074074 ], [ -26.539259259259261, 16.648148148148149 ], [ -26.582222222222221, 16.805555555555557 ], [ -26.625185185185185, 16.962962962962962 ], [ -26.668148148148148, 17.12037037037037 ], [ -26.711111111111112, 17.277777777777779 ], [ -26.754074074074076, 17.435185185185183 ], [ -26.797037037037036, 17.592592592592592 ], [ -26.84, 17.75 ], [ -26.882962962962964, 17.907407407407408 ], [ -26.925925925925924, 18.064814814814817 ], [ -26.968888888888888, 18.222222222222221 ], [ -27.011851851851851, 18.379629629629626 ], [ -27.054814814814815, 18.537037037037035 ], [ -27.097777777777779, 18.694444444444443 ], [ -27.140740740740739, 18.851851851851851 ], [ -27.183703703703703, 19.00925925925926 ], [ -27.226666666666667, 19.166666666666664 ], [ -27.26962962962963, 19.324074074074073 ], [ -27.312592592592594, 19.481481481481481 ], [ -27.355555555555554, 19.638888888888886 ], [ -27.398518518518518, 19.796296296296294 ], [ -27.441481481481482, 19.953703703703702 ], [ -27.484444444444446, 20.111111111111111 ], [ -27.527407407407409, 20.268518518518519 ], [ -27.57037037037037, 20.425925925925927 ], [ -27.613333333333333, 20.583333333333336 ], [ -27.656296296296297, 20.74074074074074 ], [ -27.699259259259257, 20.898148148148149 ], [ -27.742222222222221, 21.055555555555557 ], [ -27.785185185185185, 21.212962962962962 ], [ -27.828148148148149, 21.37037037037037 ], [ -27.871111111111112, 21.527777777777779 ], [ -27.914074074074072, 21.685185185185187 ], [ -27.957037037037036, 21.842592592592595 ], [ -28.0, 22.0 ] ] ] ] } },
{ "type": "Feature", "properties": { "ID": "ID7", "name": "Northern_Macaronesia", "layer": "aux2", "path": "aux2.geojson|layername=aux2" }, "geometry": { "type": "MultiPolygon", "coordinates": [ [ [ [ -20.2, 36.4 ], [ -20.310714285714283, 36.290476190476184 ], [ -20.421428571428571, 36.180952380952377 ], [ -20.532142857142858, 36.071428571428569 ], [ -20.642857142857142, 35.961904761904762 ], [ -20.753571428571426, 35.852380952380955 ], [ -20.864285714285714, 35.74285714285714 ], [ -20.975, 35.633333333333326 ], [ -21.085714285714285, 35.523809523809518 ], [ -21.196428571428569, 35.414285714285711 ], [ -21.307142857142857, 35.304761904761904 ], [ -21.417857142857144, 35.195238095238096 ], [ -21.528571428571428, 35.085714285714282 ], [ -21.639285714285712, 34.976190476190474 ], [ -21.75, 34.866666666666667 ], [ -21.860714285714288, 34.757142857142853 ], [ -21.971428571428572, 34.647619047619045 ], [ -22.082142857142856, 34.538095238095238 ], [ -22.192857142857143, 34.428571428571431 ], [ -22.303571428571431, 34.319047619047623 ], [ -22.414285714285715, 34.209523809523809 ], [ -22.525, 34.1 ], [ -22.635714285714286, 33.990476190476194 ], [ -22.746428571428574, 33.88095238095238 ], [ -22.857142857142858, 33.771428571428572 ], [ -22.967857142857142, 33.661904761904765 ], [ -23.078571428571429, 33.55238095238095 ], [ -23.189285714285717, 33.442857142857143 ], [ -23.3, 33.333333333333336 ], [ -23.410714285714285, 33.223809523809521 ], [ -23.521428571428572, 33.114285714285714 ], [ -23.63214285714286, 33.004761904761907 ], [ -23.742857142857144, 32.895238095238092 ], [ -23.853571428571428, 32.785714285714285 ], [ -23.964285714285712, 32.676190476190477 ], [ -24.075, 32.566666666666663 ], [ -24.185714285714283, 32.457142857142856 ], [ -24.296428571428571, 32.347619047619048 ], [ -24.407142857142855, 32.238095238095241 ], [ -24.517857142857142, 32.128571428571433 ], [ -24.62857142857143, 32.019047619047619 ], [ -24.739285714285714, 31.909523809523812 ], [ -24.85, 31.8 ], [ -24.960714285714289, 31.69047619047619 ], [ -25.071428571428573, 31.580952380952382 ], [ -25.182142857142857, 31.471428571428572 ], [ -25.292857142857141, 31.361904761904761 ], [ -25.403571428571425, 31.252380952380953 ], [ -25.514285714285712, 31.142857142857142 ], [ -25.625, 31.033333333333331 ], [ -25.735714285714284, 30.923809523809524 ], [ -25.846428571428568, 30.814285714285717 ], [ -25.957142857142856, 30.704761904761906 ], [ -26.067857142857143, 30.595238095238095 ], [ -26.178571428571427, 30.485714285714288 ], [ -26.289285714285711, 30.37619047619048 ], [ -26.4, 30.266666666666669 ], [ -26.510714285714286, 30.157142857142858 ], [ -26.62142857142857, 30.047619047619047 ], [ -26.732142857142854, 29.938095238095237 ], [ -26.842857142857142, 29.828571428571429 ], [ -26.953571428571429, 29.719047619047622 ], [ -27.064285714285713, 29.609523809523811 ], [ -27.175, 29.5 ], [ -27.285714285714285, 29.390476190476189 ], [ -27.396428571428572, 29.280952380952378 ], [ -27.507142857142856, 29.171428571428571 ], [ -27.61785714285714, 29.061904761904763 ], [ -27.728571428571428, 28.952380952380953 ], [ -27.839285714285715, 28.842857142857142 ], [ -27.95, 28.733333333333331 ], [ -28.060714285714283, 28.62380952380952 ], [ -28.171428571428571, 28.514285714285712 ], [ -28.282142857142858, 28.404761904761905 ], [ -28.392857142857142, 28.295238095238094 ], [ -28.503571428571426, 28.185714285714283 ], [ -28.614285714285714, 28.076190476190476 ], [ -28.725, 27.966666666666669 ], [ -28.835714285714285, 27.857142857142858 ], [ -28.946428571428569, 27.747619047619047 ], [ -29.057142857142857, 27.638095238095239 ], [ -29.167857142857144, 27.528571428571428 ], [ -29.278571428571428, 27.419047619047618 ], [ -29.389285714285712, 27.30952380952381 ], [ -29.5, 27.2 ], [ -29.540769230769229, 27.352564102564102 ], [ -29.581538461538461, 27.505128205128205 ], [ -29.622307692307693, 27.657692307692308 ], [ -29.663076923076925, 27.810256410256407 ], [ -29.703846153846158, 27.96282051282051 ], [ -29.744615384615386, 28.115384615384613 ], [ -29.785384615384615, 28.267948717948716 ], [ -29.826153846153847, 28.420512820512819 ], [ -29.866923076923079, 28.573076923076922 ], [ -29.907692307692308, 28.725641025641025 ], [ -29.948461538461537, 28.878205128205128 ], [ -29.989230769230769, 29.030769230769231 ], [ -30.03, 29.183333333333334 ], [ -30.07076923076923, 29.335897435897436 ], [ -30.111538461538462, 29.488461538461536 ], [ -30.152307692307694, 29.641025641025639 ], [ -30.193076923076923, 29.793589743589742 ], [ -30.233846153846155, 29.946153846153845 ], [ -30.274615384615387, 30.098717948717947 ], [ -30.315384615384616, 30.25128205128205 ], [ -30.356153846153845, 30.403846153846153 ], [ -30.396923076923077, 30.556410256410256 ], [ -30.437692307692309, 30.708974358974359 ], [ -30.478461538461538, 30.861538461538462 ], [ -30.519230769230766, 31.014102564102565 ], [ -30.56, 31.166666666666668 ], [ -30.600769230769231, 31.319230769230771 ], [ -30.641538461538463, 31.47179487179487 ], [ -30.682307692307695, 31.624358974358973 ], [ -30.723076923076924, 31.776923076923076 ], [ -30.763846153846153, 31.929487179487179 ], [ -30.804615384615385, 32.082051282051282 ], [ -30.845384615384617, 32.234615384615381 ], [ -30.886153846153846, 32.387179487179488 ], [ -30.926923076923075, 32.539743589743594 ], [ -30.967692307692307, 32.692307692307693 ], [ -31.008461538461539, 32.844871794871793 ], [ -31.049230769230768, 32.997435897435899 ], [ -31.09, 33.15 ], [ -31.130769230769232, 33.302564102564105 ], [ -31.171538461538461, 33.455128205128204 ], [ -31.212307692307693, 33.607692307692311 ], [ -31.253076923076925, 33.760256410256417 ], [ -31.293846153846154, 33.912820512820517 ], [ -31.334615384615383, 34.065384615384616 ], [ -31.375384615384615, 34.217948717948715 ], [ -31.416153846153847, 34.370512820512815 ], [ -31.456923076923076, 34.523076923076921 ], [ -31.497692307692304, 34.675641025641028 ], [ -31.538461538461537, 34.828205128205127 ], [ -31.579230769230769, 34.980769230769226 ], [ -31.62, 35.133333333333333 ], [ -31.660769230769233, 35.285897435897439 ], [ -31.701538461538462, 35.438461538461539 ], [ -31.742307692307691, 35.591025641025638 ], [ -31.783076923076923, 35.743589743589745 ], [ -31.823846153846155, 35.896153846153851 ], [ -31.864615384615384, 36.04871794871795 ], [ -31.905384615384612, 36.20128205128205 ], [ -31.946153846153845, 36.353846153846156 ], [ -31.986923076923077, 36.506410256410263 ], [ -32.027692307692305, 36.658974358974362 ], [ -32.068461538461534, 36.811538461538461 ], [ -32.10923076923077, 36.964102564102568 ], [ -32.15, 37.116666666666674 ], [ -32.190769230769234, 37.269230769230774 ], [ -32.231538461538463, 37.421794871794873 ], [ -32.272307692307692, 37.574358974358979 ], [ -32.31307692307692, 37.726923076923079 ], [ -32.353846153846156, 37.879487179487178 ], [ -32.394615384615385, 38.032051282051285 ], [ -32.435384615384613, 38.184615384615384 ], [ -32.476153846153849, 38.337179487179483 ], [ -32.516923076923078, 38.48974358974359 ], [ -32.557692307692307, 38.642307692307696 ], [ -32.598461538461535, 38.794871794871796 ], [ -32.639230769230764, 38.947435897435895 ], [ -32.68, 39.1 ], [ -32.528125, 39.234375 ], [ -32.37625, 39.36875 ], [ -32.224375, 39.503125 ], [ -32.0725, 39.6375 ], [ -31.920625, 39.771875 ], [ -31.76875, 39.90625 ], [ -31.616875, 40.040625 ], [ -31.465, 40.175 ], [ -31.313125, 40.309375 ], [ -31.16125, 40.44375 ], [ -31.009375, 40.578125 ], [ -30.8575, 40.7125 ], [ -30.705625, 40.846875 ], [ -30.55375, 40.98125 ], [ -30.401875, 41.115625 ], [ -30.25, 41.25 ], [ -30.110416666666666, 41.182638888888889 ], [ -29.970833333333335, 41.115277777777777 ], [ -29.83125, 41.047916666666666 ], [ -29.691666666666666, 40.980555555555554 ], [ -29.552083333333336, 40.913194444444443 ], [ -29.4125, 40.845833333333331 ], [ -29.272916666666667, 40.77847222222222 ], [ -29.133333333333333, 40.711111111111109 ], [ -28.99375, 40.64375 ], [ -28.854166666666668, 40.576388888888886 ], [ -28.714583333333334, 40.509027777777774 ], [ -28.575, 40.441666666666663 ], [ -28.435416666666669, 40.374305555555551 ], [ -28.295833333333334, 40.30694444444444 ], [ -28.15625, 40.239583333333329 ], [ -28.016666666666666, 40.172222222222224 ], [ -27.877083333333331, 40.104861111111113 ], [ -27.7375, 40.0375 ], [ -27.597916666666666, 39.97013888888889 ], [ -27.458333333333332, 39.902777777777779 ], [ -27.31875, 39.835416666666667 ], [ -27.179166666666667, 39.768055555555556 ], [ -27.039583333333333, 39.700694444444444 ], [ -26.9, 39.633333333333333 ], [ -26.760416666666664, 39.565972222222221 ], [ -26.620833333333334, 39.49861111111111 ], [ -26.48125, 39.43125 ], [ -26.341666666666665, 39.363888888888887 ], [ -26.202083333333334, 39.296527777777776 ], [ -26.0625, 39.229166666666664 ], [ -25.922916666666666, 39.161805555555553 ], [ -25.783333333333335, 39.094444444444441 ], [ -25.64375, 39.027083333333337 ], [ -25.504166666666666, 38.959722222222226 ], [ -25.364583333333336, 38.892361111111114 ], [ -25.225, 38.825 ], [ -25.085416666666667, 38.757638888888891 ], [ -24.945833333333333, 38.69027777777778 ], [ -24.80625, 38.622916666666669 ], [ -24.666666666666668, 38.555555555555557 ], [ -24.527083333333334, 38.488194444444446 ], [ -24.3875, 38.420833333333334 ], [ -24.247916666666669, 38.353472222222223 ], [ -24.108333333333334, 38.286111111111111 ], [ -23.96875, 38.21875 ], [ -23.829166666666666, 38.151388888888889 ], [ -23.689583333333331, 38.084027777777777 ], [ -23.55, 38.016666666666666 ], [ -23.410416666666666, 37.949305555555554 ], [ -23.270833333333332, 37.881944444444443 ], [ -23.13125, 37.814583333333331 ], [ -22.991666666666667, 37.74722222222222 ], [ -22.852083333333333, 37.679861111111109 ], [ -22.7125, 37.6125 ], [ -22.572916666666664, 37.545138888888886 ], [ -22.433333333333334, 37.477777777777774 ], [ -22.29375, 37.410416666666663 ], [ -22.154166666666665, 37.343055555555551 ], [ -22.014583333333334, 37.27569444444444 ], [ -21.875, 37.208333333333329 ], [ -21.735416666666666, 37.140972222222217 ], [ -21.595833333333335, 37.073611111111106 ], [ -21.45625, 37.00625 ], [ -21.316666666666666, 36.93888888888889 ], [ -21.177083333333336, 36.871527777777779 ], [ -21.0375, 36.804166666666667 ], [ -20.897916666666667, 36.736805555555556 ], [ -20.758333333333333, 36.669444444444444 ], [ -20.61875, 36.602083333333333 ], [ -20.479166666666668, 36.534722222222221 ], [ -20.339583333333334, 36.46736111111111 ], [ -20.2, 36.4 ] ] ] ] } },
{ "type": "Feature", "properties": { "ID": "ID8", "name": "Central_Macaronesia", "layer": "aux2", "path": "aux2.geojson|layername=aux2" }, "geometry": { "type": "MultiPolygon", "coordinates": [ [ [ [ -29.5, 27.2 ], [ -29.389285714285712, 27.30952380952381 ], [ -29.278571428571428, 27.419047619047618 ], [ -29.167857142857144, 27.528571428571428 ], [ -29.057142857142857, 27.638095238095239 ], [ -28.946428571428569, 27.747619047619047 ], [ -28.835714285714285, 27.857142857142858 ], [ -28.725, 27.966666666666669 ], [ -28.614285714285714, 28.076190476190476 ], [ -28.503571428571426, 28.185714285714283 ], [ -28.392857142857142, 28.295238095238094 ], [ -28.282142857142858, 28.404761904761905 ], [ -28.171428571428571, 28.514285714285712 ], [ -28.060714285714283, 28.62380952380952 ], [ -27.95, 28.733333333333331 ], [ -27.839285714285715, 28.842857142857142 ], [ -27.728571428571428, 28.952380952380953 ], [ -27.61785714285714, 29.061904761904763 ], [ -27.507142857142856, 29.171428571428571 ], [ -27.396428571428572, 29.280952380952378 ], [ -27.285714285714285, 29.390476190476189 ], [ -27.175, 29.5 ], [ -27.064285714285713, 29.609523809523811 ], [ -26.953571428571429, 29.719047619047622 ], [ -26.842857142857142, 29.828571428571429 ], [ -26.732142857142854, 29.938095238095237 ], [ -26.62142857142857, 30.047619047619047 ], [ -26.510714285714286, 30.157142857142858 ], [ -26.4, 30.266666666666666 ], [ -26.289285714285715, 30.376190476190473 ], [ -26.178571428571431, 30.485714285714284 ], [ -26.067857142857143, 30.595238095238095 ], [ -25.957142857142859, 30.704761904761902 ], [ -25.846428571428572, 30.814285714285713 ], [ -25.735714285714284, 30.923809523809524 ], [ -25.625, 31.033333333333331 ], [ -25.514285714285712, 31.142857142857142 ], [ -25.403571428571425, 31.252380952380953 ], [ -25.292857142857141, 31.361904761904761 ], [ -25.182142857142857, 31.471428571428572 ], [ -25.071428571428573, 31.580952380952382 ], [ -24.960714285714289, 31.69047619047619 ], [ -24.85, 31.8 ], [ -24.739285714285714, 31.909523809523812 ], [ -24.62857142857143, 32.019047619047619 ], [ -24.517857142857146, 32.128571428571433 ], [ -24.407142857142858, 32.238095238095241 ], [ -24.296428571428571, 32.347619047619048 ], [ -24.185714285714287, 32.457142857142856 ], [ -24.075, 32.566666666666663 ], [ -23.964285714285715, 32.676190476190477 ], [ -23.853571428571428, 32.785714285714285 ], [ -23.742857142857144, 32.895238095238092 ], [ -23.63214285714286, 33.004761904761907 ], [ -23.521428571428572, 33.114285714285714 ], [ -23.410714285714285, 33.223809523809521 ], [ -23.3, 33.333333333333336 ], [ -23.189285714285717, 33.442857142857143 ], [ -23.078571428571429, 33.55238095238095 ], [ -22.967857142857142, 33.661904761904765 ], [ -22.857142857142858, 33.771428571428572 ], [ -22.746428571428574, 33.88095238095238 ], [ -22.635714285714286, 33.990476190476194 ], [ -22.525, 34.1 ], [ -22.414285714285715, 34.209523809523809 ], [ -22.303571428571431, 34.319047619047623 ], [ -22.192857142857143, 34.428571428571431 ], [ -22.082142857142856, 34.538095238095238 ], [ -21.971428571428572, 34.647619047619045 ], [ -21.860714285714288, 34.757142857142853 ], [ -21.75, 34.866666666666667 ], [ -21.639285714285712, 34.976190476190474 ], [ -21.528571428571428, 35.085714285714282 ], [ -21.417857142857144, 35.195238095238096 ], [ -21.307142857142857, 35.304761904761904 ], [ -21.196428571428569, 35.414285714285711 ], [ -21.085714285714285, 35.523809523809518 ], [ -20.975, 35.633333333333326 ], [ -20.864285714285714, 35.74285714285714 ], [ -20.753571428571426, 35.852380952380955 ], [ -20.642857142857142, 35.961904761904762 ], [ -20.532142857142858, 36.071428571428569 ], [ -20.421428571428571, 36.180952380952377 ], [ -20.310714285714283, 36.290476190476184 ], [ -20.2, 36.4 ], [ -20.06111111111111, 36.331481481481475 ], [ -19.922222222222221, 36.262962962962959 ], [ -19.783333333333331, 36.194444444444443 ], [ -19.644444444444446, 36.125925925925927 ], [ -19.505555555555556, 36.05740740740741 ], [ -19.366666666666667, 35.988888888888887 ], [ -19.227777777777778, 35.920370370370364 ], [ -19.088888888888889, 35.851851851851848 ], [ -18.95, 35.783333333333331 ], [ -18.81111111111111, 35.714814814814815 ], [ -18.672222222222221, 35.646296296296299 ], [ -18.533333333333331, 35.577777777777776 ], [ -18.394444444444442, 35.509259259259252 ], [ -18.255555555555553, 35.440740740740736 ], [ -18.116666666666667, 35.37222222222222 ], [ -17.977777777777778, 35.303703703703704 ], [ -17.838888888888889, 35.235185185185188 ], [ -17.7, 35.166666666666664 ], [ -17.56111111111111, 35.098148148148141 ], [ -17.422222222222221, 35.029629629629625 ], [ -17.283333333333331, 34.961111111111109 ], [ -17.144444444444446, 34.892592592592592 ], [ -17.005555555555556, 34.824074074074076 ], [ -16.866666666666667, 34.755555555555553 ], [ -16.727777777777778, 34.687037037037037 ], [ -16.588888888888889, 34.61851851851852 ], [ -16.45, 34.55 ], [ -16.31111111111111, 34.481481481481481 ], [ -16.172222222222221, 34.412962962962965 ], [ -16.033333333333331, 34.344444444444449 ], [ -15.894444444444442, 34.275925925925932 ], [ -15.755555555555555, 34.207407407407409 ], [ -15.616666666666665, 34.138888888888893 ], [ -15.477777777777776, 34.070370370370377 ], [ -15.338888888888889, 34.001851851851853 ], [ -15.2, 33.933333333333337 ], [ -15.06111111111111, 33.864814814814821 ], [ -14.922222222222222, 33.796296296296298 ], [ -14.783333333333333, 33.727777777777781 ], [ -14.644444444444444, 33.659259259259265 ], [ -14.505555555555556, 33.590740740740742 ], [ -14.366666666666667, 33.522222222222226 ], [ -14.227777777777778, 33.453703703703709 ], [ -14.088888888888889, 33.385185185185186 ], [ -13.95, 33.31666666666667 ], [ -13.811111111111112, 33.248148148148154 ], [ -13.672222222222222, 33.17962962962963 ], [ -13.533333333333333, 33.111111111111114 ], [ -13.394444444444444, 33.042592592592598 ], [ -13.255555555555555, 32.974074074074075 ], [ -13.116666666666667, 32.905555555555559 ], [ -12.977777777777778, 32.837037037037042 ], [ -12.838888888888889, 32.768518518518519 ], [ -12.7, 32.7 ], [ -12.7, 32.545833333333334 ], [ -12.7, 32.391666666666666 ], [ -12.7, 32.2375 ], [ -12.7, 32.083333333333336 ], [ -12.7, 31.929166666666667 ], [ -12.7, 31.775 ], [ -12.7, 31.62083333333333 ], [ -12.7, 31.466666666666665 ], [ -12.7, 31.3125 ], [ -12.7, 31.158333333333335 ], [ -12.7, 31.00416666666667 ], [ -12.7, 30.85 ], [ -12.7, 30.695833333333333 ], [ -12.7, 30.541666666666668 ], [ -12.7, 30.3875 ], [ -12.7, 30.233333333333334 ], [ -12.7, 30.079166666666666 ], [ -12.7, 29.925 ], [ -12.7, 29.770833333333336 ], [ -12.7, 29.616666666666667 ], [ -12.7, 29.4625 ], [ -12.7, 29.308333333333334 ], [ -12.7, 29.154166666666669 ], [ -12.7, 29.0 ], [ -12.787037037037036, 28.87037037037037 ], [ -12.874074074074073, 28.74074074074074 ], [ -12.96111111111111, 28.611111111111111 ], [ -13.048148148148147, 28.481481481481481 ], [ -13.135185185185184, 28.351851851851851 ], [ -13.222222222222221, 28.222222222222221 ], [ -13.309259259259258, 28.092592592592592 ], [ -13.396296296296295, 27.962962962962962 ], [ -13.483333333333333, 27.833333333333332 ], [ -13.57037037037037, 27.703703703703702 ], [ -13.657407407407407, 27.574074074074073 ], [ -13.744444444444444, 27.444444444444443 ], [ -13.831481481481481, 27.314814814814813 ], [ -13.918518518518518, 27.185185185185183 ], [ -14.005555555555555, 27.055555555555557 ], [ -14.092592592592592, 26.925925925925927 ], [ -14.179629629629629, 26.796296296296298 ], [ -14.266666666666666, 26.666666666666668 ], [ -14.353703703703703, 26.537037037037038 ], [ -14.44074074074074, 26.407407407407408 ], [ -14.527777777777777, 26.277777777777779 ], [ -14.614814814814814, 26.148148148148149 ], [ -14.701851851851851, 26.018518518518519 ], [ -14.788888888888888, 25.888888888888889 ], [ -14.875925925925925, 25.75925925925926 ], [ -14.962962962962962, 25.62962962962963 ], [ -15.05, 25.5 ], [ -15.137037037037036, 25.37037037037037 ], [ -15.224074074074073, 25.24074074074074 ], [ -15.31111111111111, 25.111111111111111 ], [ -15.398148148148147, 24.981481481481481 ], [ -15.485185185185184, 24.851851851851851 ], [ -15.572222222222221, 24.722222222222221 ], [ -15.659259259259258, 24.592592592592595 ], [ -15.746296296296295, 24.462962962962965 ], [ -15.833333333333332, 24.333333333333336 ], [ -15.920370370370369, 24.203703703703706 ], [ -16.007407407407406, 24.074074074074076 ], [ -16.094444444444441, 23.944444444444446 ], [ -16.18148148148148, 23.814814814814817 ], [ -16.268518518518519, 23.685185185185187 ], [ -16.355555555555554, 23.555555555555557 ], [ -16.44259259259259, 23.425925925925927 ], [ -16.529629629629628, 23.296296296296298 ], [ -16.616666666666667, 23.166666666666668 ], [ -16.703703703703702, 23.037037037037038 ], [ -16.790740740740738, 22.907407407407408 ], [ -16.877777777777776, 22.777777777777779 ], [ -16.964814814814815, 22.648148148148149 ], [ -17.05185185185185, 22.518518518518519 ], [ -17.138888888888886, 22.388888888888889 ], [ -17.225925925925925, 22.25925925925926 ], [ -17.312962962962963, 22.12962962962963 ], [ -17.4, 22.0 ], [ -17.560606060606059, 22.0 ], [ -17.721212121212119, 22.0 ], [ -17.881818181818183, 22.0 ], [ -18.042424242424243, 22.0 ], [ -18.203030303030303, 22.0 ], [ -18.363636363636363, 22.0 ], [ -18.524242424242424, 22.0 ], [ -18.684848484848484, 22.0 ], [ -18.845454545454544, 22.0 ], [ -19.006060606060608, 22.0 ], [ -19.166666666666668, 22.0 ], [ -19.327272727272728, 22.0 ], [ -19.487878787878788, 22.0 ], [ -19.648484848484848, 22.0 ], [ -19.809090909090909, 22.0 ], [ -19.969696969696969, 22.0 ], [ -20.130303030303029, 22.0 ], [ -20.290909090909089, 22.0 ], [ -20.451515151515149, 22.0 ], [ -20.61212121212121, 22.0 ], [ -20.772727272727273, 22.0 ], [ -20.933333333333334, 22.0 ], [ -21.093939393939394, 22.0 ], [ -21.254545454545454, 22.0 ], [ -21.415151515151514, 22.0 ], [ -21.575757575757574, 22.0 ], [ -21.736363636363635, 22.0 ], [ -21.896969696969698, 22.0 ], [ -22.057575757575759, 22.0 ], [ -22.218181818181819, 22.0 ], [ -22.378787878787879, 22.0 ], [ -22.539393939393939, 22.0 ], [ -22.7, 22.0 ], [ -22.860606060606059, 22.0 ], [ -23.02121212121212, 22.0 ], [ -23.18181818181818, 22.0 ], [ -23.34242424242424, 22.0 ], [ -23.5030303030303, 22.0 ], [ -23.663636363636364, 22.0 ], [ -23.824242424242424, 22.0 ], [ -23.984848484848484, 22.0 ], [ -24.145454545454545, 22.0 ], [ -24.306060606060605, 22.0 ], [ -24.466666666666665, 22.0 ], [ -24.627272727272725, 22.0 ], [ -24.787878787878789, 22.0 ], [ -24.948484848484849, 22.0 ], [ -25.109090909090909, 22.0 ], [ -25.26969696969697, 22.0 ], [ -25.43030303030303, 22.0 ], [ -25.59090909090909, 22.0 ], [ -25.75151515151515, 22.0 ], [ -25.91212121212121, 22.0 ], [ -26.072727272727271, 22.0 ], [ -26.233333333333334, 22.0 ], [ -26.393939393939394, 22.0 ], [ -26.554545454545455, 22.0 ], [ -26.715151515151515, 22.0 ], [ -26.875757575757575, 22.0 ], [ -27.036363636363639, 22.0 ], [ -27.196969696969699, 22.0 ], [ -27.357575757575759, 22.0 ], [ -27.518181818181819, 22.0 ], [ -27.67878787878788, 22.0 ], [ -27.83939393939394, 22.0 ], [ -28.0, 22.0 ], [ -28.041666666666664, 22.144444444444446 ], [ -28.083333333333332, 22.288888888888888 ], [ -28.125, 22.433333333333334 ], [ -28.166666666666668, 22.577777777777779 ], [ -28.208333333333336, 22.722222222222221 ], [ -28.25, 22.866666666666667 ], [ -28.291666666666664, 23.011111111111113 ], [ -28.333333333333332, 23.155555555555555 ], [ -28.375, 23.3 ], [ -28.416666666666668, 23.444444444444446 ], [ -28.458333333333336, 23.588888888888889 ], [ -28.5, 23.733333333333334 ], [ -28.541666666666664, 23.87777777777778 ], [ -28.583333333333332, 24.022222222222222 ], [ -28.625, 24.166666666666668 ], [ -28.666666666666668, 24.311111111111114 ], [ -28.708333333333336, 24.455555555555556 ], [ -28.75, 24.6 ], [ -28.791666666666664, 24.744444444444447 ], [ -28.833333333333332, 24.888888888888889 ], [ -28.875, 25.033333333333331 ], [ -28.916666666666668, 25.177777777777777 ], [ -28.958333333333336, 25.322222222222223 ], [ -29.0, 25.466666666666665 ], [ -29.041666666666664, 25.611111111111107 ], [ -29.083333333333332, 25.755555555555553 ], [ -29.125, 25.9 ], [ -29.166666666666668, 26.044444444444444 ], [ -29.208333333333336, 26.18888888888889 ], [ -29.25, 26.333333333333332 ], [ -29.291666666666664, 26.477777777777774 ], [ -29.333333333333332, 26.62222222222222 ], [ -29.375, 26.766666666666666 ], [ -29.416666666666668, 26.911111111111111 ], [ -29.458333333333336, 27.055555555555557 ], [ -29.5, 27.2 ] ] ] ] } },
{ "type": "Feature", "properties": { "ID": "NIO", "name": "NIO", "layer": "small-islands_v2", "path": "\/media\/maialen\/work\/WORK\/GIT\/ATLAS\/reference-regions\/small-islands.geojson" }, "geometry": { "type": "MultiPolygon", "coordinates": [ [ [ [ 53.0, 7.0 ], [ 53.0, 7.210526315789473 ], [ 53.0, 7.421052631578947 ], [ 53.0, 7.631578947368421 ], [ 53.0, 7.842105263157895 ], [ 53.0, 8.052631578947368 ], [ 53.0, 8.263157894736842 ], [ 53.0, 8.473684210526315 ], [ 53.0, 8.684210526315789 ], [ 53.0, 8.894736842105264 ], [ 53.0, 9.105263157894736 ], [ 53.0, 9.315789473684211 ], [ 53.0, 9.526315789473685 ], [ 53.0, 9.736842105263158 ], [ 53.0, 9.947368421052632 ], [ 53.0, 10.157894736842106 ], [ 53.0, 10.368421052631579 ], [ 53.0, 10.578947368421051 ], [ 53.0, 10.789473684210526 ], [ 53.0, 11.0 ], [ 53.0, 11.210526315789473 ], [ 53.0, 11.421052631578947 ], [ 53.0, 11.631578947368421 ], [ 53.0, 11.842105263157894 ], [ 53.0, 12.052631578947368 ], [ 53.0, 12.263157894736842 ], [ 53.0, 12.473684210526315 ], [ 53.0, 12.684210526315789 ], [ 53.0, 12.894736842105264 ], [ 53.0, 13.105263157894736 ], [ 53.0, 13.315789473684211 ], [ 53.0, 13.526315789473685 ], [ 53.0, 13.736842105263158 ], [ 53.0, 13.94736842105263 ], [ 53.0, 14.157894736842104 ], [ 53.0, 14.368421052631579 ], [ 53.0, 14.578947368421051 ], [ 53.0, 14.789473684210526 ], [ 53.0, 15.0 ], [ 53.184210526315795, 15.118421052631579 ], [ 53.368421052631582, 15.236842105263158 ], [ 53.55263157894737, 15.355263157894736 ], [ 53.736842105263158, 15.473684210526315 ], [ 53.921052631578945, 15.592105263157894 ], [ 54.10526315789474, 15.710526315789474 ], [ 54.289473684210527, 15.828947368421053 ], [ 54.473684210526315, 15.947368421052632 ], [ 54.65789473684211, 16.065789473684209 ], [ 54.842105263157897, 16.184210526315788 ], [ 55.026315789473685, 16.30263157894737 ], [ 55.210526315789473, 16.421052631578949 ], [ 55.39473684210526, 16.539473684210527 ], [ 55.578947368421055, 16.657894736842106 ], [ 55.763157894736842, 16.776315789473685 ], [ 55.94736842105263, 16.894736842105264 ], [ 56.131578947368425, 17.013157894736842 ], [ 56.315789473684212, 17.131578947368421 ], [ 56.5, 17.25 ], [ 56.684210526315788, 17.368421052631579 ], [ 56.868421052631575, 17.486842105263158 ], [ 57.05263157894737, 17.605263157894736 ], [ 57.236842105263158, 17.723684210526315 ], [ 57.421052631578945, 17.842105263157894 ], [ 57.60526315789474, 17.960526315789473 ], [ 57.789473684210527, 18.078947368421051 ], [ 57.973684210526315, 18.19736842105263 ], [ 58.157894736842103, 18.315789473684209 ], [ 58.34210526315789, 18.434210526315788 ], [ 58.526315789473685, 18.55263157894737 ], [ 58.710526315789473, 18.671052631578949 ], [ 58.89473684210526, 18.789473684210527 ], [ 59.078947368421055, 18.907894736842106 ], [ 59.263157894736842, 19.026315789473685 ], [ 59.44736842105263, 19.144736842105264 ], [ 59.631578947368418, 19.263157894736842 ], [ 59.815789473684205, 19.381578947368421 ], [ 60.0, 19.5 ], [ 60.0, 19.7 ], [ 60.0, 19.9 ], [ 60.0, 20.1 ], [ 60.0, 20.3 ], [ 60.0, 20.5 ], [ 60.0, 20.7 ], [ 60.0, 20.9 ], [ 60.0, 21.1 ], [ 60.0, 21.3 ], [ 60.0, 21.5 ], [ 60.0, 21.7 ], [ 60.0, 21.9 ], [ 60.0, 22.1 ], [ 60.0, 22.3 ], [ 60.0, 22.5 ], [ 60.0, 22.7 ], [ 60.0, 22.9 ], [ 60.0, 23.1 ], [ 60.0, 23.3 ], [ 60.0, 23.5 ], [ 60.216666666666669, 23.5 ], [ 60.43333333333333, 23.5 ], [ 60.65, 23.5 ], [ 60.866666666666667, 23.5 ], [ 61.083333333333329, 23.5 ], [ 61.3, 23.5 ], [ 61.516666666666666, 23.5 ], [ 61.733333333333334, 23.5 ], [ 61.95, 23.5 ], [ 62.166666666666664, 23.5 ], [ 62.383333333333333, 23.5 ], [ 62.6, 23.5 ], [ 62.816666666666663, 23.5 ], [ 63.033333333333331, 23.5 ], [ 63.25, 23.5 ], [ 63.466666666666669, 23.5 ], [ 63.683333333333337, 23.5 ], [ 63.9, 23.5 ], [ 64.11666666666666, 23.5 ], [ 64.333333333333329, 23.5 ], [ 64.55, 23.5 ], [ 64.766666666666666, 23.5 ], [ 64.983333333333334, 23.5 ], [ 65.2, 23.5 ], [ 65.416666666666671, 23.5 ], [ 65.63333333333334, 23.5 ], [ 65.85, 23.5 ], [ 66.066666666666663, 23.5 ], [ 66.283333333333331, 23.5 ], [ 66.5, 23.5 ], [ 66.634615384615387, 23.346153846153847 ], [ 66.769230769230774, 23.192307692307693 ], [ 66.90384615384616, 23.03846153846154 ], [ 67.038461538461533, 22.884615384615383 ], [ 67.17307692307692, 22.73076923076923 ], [ 67.307692307692307, 22.576923076923077 ], [ 67.442307692307693, 22.423076923076923 ], [ 67.57692307692308, 22.26923076923077 ], [ 67.711538461538453, 22.115384615384613 ], [ 67.84615384615384, 21.96153846153846 ], [ 67.980769230769226, 21.807692307692307 ], [ 68.115384615384613, 21.653846153846153 ], [ 68.25, 21.5 ], [ 68.384615384615387, 21.346153846153847 ], [ 68.519230769230774, 21.192307692307693 ], [ 68.65384615384616, 21.03846153846154 ], [ 68.788461538461547, 20.884615384615387 ], [ 68.92307692307692, 20.73076923076923 ], [ 69.057692307692307, 20.576923076923077 ], [ 69.192307692307693, 20.423076923076923 ], [ 69.32692307692308, 20.269230769230766 ], [ 69.461538461538467, 20.115384615384613 ], [ 69.59615384615384, 19.96153846153846 ], [ 69.730769230769226, 19.807692307692307 ], [ 69.865384615384613, 19.653846153846153 ], [ 70.0, 19.5 ], [ 70.09375, 19.3046875 ], [ 70.1875, 19.109375 ], [ 70.28125, 18.9140625 ], [ 70.375, 18.71875 ], [ 70.46875, 18.5234375 ], [ 70.5625, 18.328125 ], [ 70.65625, 18.1328125 ], [ 70.75, 17.9375 ], [ 70.84375, 17.7421875 ], [ 70.9375, 17.546875 ], [ 71.03125, 17.3515625 ], [ 71.125, 17.15625 ], [ 71.21875, 16.9609375 ], [ 71.3125, 16.765625 ], [ 71.40625, 16.5703125 ], [ 71.5, 16.375 ], [ 71.59375, 16.1796875 ], [ 71.6875, 15.984375 ], [ 71.78125, 15.7890625 ], [ 71.875, 15.59375 ], [ 71.96875, 15.3984375 ], [ 72.0625, 15.203125 ], [ 72.15625, 15.0078125 ], [ 72.25, 14.8125 ], [ 72.34375, 14.6171875 ], [ 72.4375, 14.421875 ], [ 72.53125, 14.2265625 ], [ 72.625, 14.03125 ], [ 72.71875, 13.8359375 ], [ 72.8125, 13.640625 ], [ 72.90625, 13.4453125 ], [ 73.0, 13.25 ], [ 73.09375, 13.0546875 ], [ 73.1875, 12.859375 ], [ 73.28125, 12.6640625 ], [ 73.375, 12.46875 ], [ 73.46875, 12.2734375 ], [ 73.5625, 12.078125 ], [ 73.65625, 11.8828125 ], [ 73.75, 11.6875 ], [ 73.84375, 11.4921875 ], [ 73.9375, 11.296875 ], [ 74.03125, 11.1015625 ], [ 74.125, 10.90625 ], [ 74.21875, 10.7109375 ], [ 74.3125, 10.515625 ], [ 74.40625, 10.3203125 ], [ 74.5, 10.125 ], [ 74.59375, 9.9296875 ], [ 74.6875, 9.734375 ], [ 74.78125, 9.5390625 ], [ 74.875, 9.34375 ], [ 74.96875, 9.1484375 ], [ 75.0625, 8.953125 ], [ 75.15625, 8.7578125 ], [ 75.25, 8.5625 ], [ 75.34375, 8.3671875 ], [ 75.4375, 8.171875 ], [ 75.53125, 7.9765625 ], [ 75.625, 7.78125 ], [ 75.71875, 7.5859375 ], [ 75.8125, 7.390625 ], [ 75.90625, 7.1953125 ], [ 76.0, 7.0 ], [ 75.783018867924525, 7.0 ], [ 75.566037735849051, 7.0 ], [ 75.34905660377359, 7.0 ], [ 75.132075471698116, 7.0 ], [ 74.915094339622641, 7.0 ], [ 74.698113207547166, 7.0 ], [ 74.481132075471692, 7.0 ], [ 74.264150943396231, 7.0 ], [ 74.047169811320757, 7.0 ], [ 73.830188679245282, 7.0 ], [ 73.613207547169807, 7.0 ], [ 73.396226415094333, 7.0 ], [ 73.179245283018872, 7.0 ], [ 72.962264150943398, 7.0 ], [ 72.745283018867923, 7.0 ], [ 72.528301886792448, 7.0 ], [ 72.311320754716974, 7.0 ], [ 72.094339622641513, 7.0 ], [ 71.877358490566039, 7.0 ], [ 71.660377358490564, 7.0 ], [ 71.443396226415103, 7.0 ], [ 71.226415094339629, 7.0 ], [ 71.009433962264154, 7.0 ], [ 70.79245283018868, 7.0 ], [ 70.575471698113205, 7.0 ], [ 70.35849056603773, 7.0 ], [ 70.141509433962256, 7.0 ], [ 69.924528301886795, 7.0 ], [ 69.70754716981132, 7.0 ], [ 69.490566037735846, 7.0 ], [ 69.273584905660385, 7.0 ], [ 69.056603773584911, 7.0 ], [ 68.839622641509436, 7.0 ], [ 68.622641509433961, 7.0 ], [ 68.405660377358487, 7.0 ], [ 68.188679245283012, 7.0 ], [ 67.971698113207538, 7.0 ], [ 67.754716981132077, 7.0 ], [ 67.537735849056602, 7.0 ], [ 67.320754716981128, 7.0 ], [ 67.103773584905667, 7.0 ], [ 66.886792452830193, 7.0 ], [ 66.669811320754718, 7.0 ], [ 66.452830188679243, 7.0 ], [ 66.235849056603769, 7.0 ], [ 66.018867924528308, 7.0 ], [ 65.801886792452834, 7.0 ], [ 65.584905660377359, 7.0 ], [ 65.367924528301884, 7.0 ], [ 65.15094339622641, 7.0 ], [ 64.933962264150949, 7.0 ], [ 64.716981132075475, 7.0 ], [ 64.5, 7.0 ], [ 64.283018867924525, 7.0 ], [ 64.066037735849051, 7.0 ], [ 63.849056603773583, 7.0 ], [ 63.632075471698116, 7.0 ], [ 63.415094339622641, 7.0 ], [ 63.198113207547166, 7.0 ], [ 62.981132075471699, 7.0 ], [ 62.764150943396231, 7.0 ], [ 62.547169811320757, 7.0 ], [ 62.330188679245282, 7.0 ], [ 62.113207547169807, 7.0 ], [ 61.896226415094333, 7.0 ], [ 61.679245283018865, 7.0 ], [ 61.462264150943398, 7.0 ], [ 61.245283018867923, 7.0 ], [ 61.028301886792448, 7.0 ], [ 60.811320754716981, 7.0 ], [ 60.594339622641513, 7.0 ], [ 60.377358490566039, 7.0 ], [ 60.160377358490564, 7.0 ], [ 59.943396226415089, 7.0 ], [ 59.726415094339622, 7.0 ], [ 59.509433962264154, 7.0 ], [ 59.29245283018868, 7.0 ], [ 59.075471698113205, 7.0 ], [ 58.85849056603773, 7.0 ], [ 58.641509433962263, 7.0 ], [ 58.424528301886795, 7.0 ], [ 58.20754716981132, 7.0 ], [ 57.990566037735846, 7.0 ], [ 57.773584905660378, 7.0 ], [ 57.556603773584911, 7.0 ], [ 57.339622641509436, 7.0 ], [ 57.122641509433961, 7.0 ], [ 56.905660377358487, 7.0 ], [ 56.688679245283019, 7.0 ], [ 56.471698113207552, 7.0 ], [ 56.254716981132077, 7.0 ], [ 56.037735849056602, 7.0 ], [ 55.820754716981128, 7.0 ], [ 55.60377358490566, 7.0 ], [ 55.386792452830193, 7.0 ], [ 55.169811320754718, 7.0 ], [ 54.952830188679243, 7.0 ], [ 54.735849056603769, 7.0 ], [ 54.518867924528301, 7.0 ], [ 54.301886792452834, 7.0 ], [ 54.084905660377359, 7.0 ], [ 53.867924528301884, 7.0 ], [ 53.65094339622641, 7.0 ], [ 53.433962264150942, 7.0 ], [ 53.216981132075475, 7.0 ], [ 53.0, 7.0 ] ] ], [ [ [ 79.0, 7.0 ], [ 79.117647058823536, 7.183823529411764 ], [ 79.235294117647058, 7.367647058823529 ], [ 79.35294117647058, 7.551470588235293 ], [ 79.470588235294116, 7.735294117647059 ], [ 79.588235294117652, 7.919117647058824 ], [ 79.705882352941174, 8.102941176470589 ], [ 79.823529411764696, 8.286764705882353 ], [ 79.941176470588232, 8.470588235294118 ], [ 80.058823529411768, 8.654411764705882 ], [ 80.17647058823529, 8.838235294117647 ], [ 80.294117647058812, 9.022058823529413 ], [ 80.411764705882348, 9.205882352941178 ], [ 80.529411764705884, 9.389705882352942 ], [ 80.647058823529406, 9.573529411764707 ], [ 80.764705882352928, 9.757352941176471 ], [ 80.882352941176464, 9.941176470588236 ], [ 81.0, 10.125 ], [ 81.117647058823536, 10.308823529411764 ], [ 81.235294117647072, 10.492647058823529 ], [ 81.352941176470594, 10.676470588235293 ], [ 81.470588235294116, 10.860294117647058 ], [ 81.588235294117652, 11.044117647058824 ], [ 81.705882352941188, 11.227941176470589 ], [ 81.82352941176471, 11.411764705882353 ], [ 81.941176470588232, 11.595588235294118 ], [ 82.058823529411768, 11.779411764705882 ], [ 82.176470588235304, 11.963235294117649 ], [ 82.294117647058826, 12.147058823529413 ], [ 82.411764705882348, 12.330882352941178 ], [ 82.529411764705884, 12.514705882352942 ], [ 82.64705882352942, 12.698529411764707 ], [ 82.764705882352942, 12.882352941176471 ], [ 82.882352941176464, 13.066176470588236 ], [ 83.0, 13.25 ], [ 83.117647058823536, 13.433823529411764 ], [ 83.235294117647058, 13.617647058823529 ], [ 83.35294117647058, 13.801470588235293 ], [ 83.470588235294116, 13.98529411764706 ], [ 83.588235294117652, 14.169117647058824 ], [ 83.705882352941174, 14.352941176470589 ], [ 83.823529411764696, 14.536764705882353 ], [ 83.941176470588232, 14.720588235294118 ], [ 84.058823529411768, 14.904411764705884 ], [ 84.17647058823529, 15.088235294117649 ], [ 84.294117647058812, 15.272058823529413 ], [ 84.411764705882348, 15.455882352941178 ], [ 84.529411764705884, 15.639705882352942 ], [ 84.647058823529406, 15.823529411764707 ], [ 84.764705882352928, 16.007352941176471 ], [ 84.882352941176464, 16.191176470588236 ], [ 85.0, 16.375 ], [ 85.117647058823536, 16.558823529411764 ], [ 85.235294117647072, 16.742647058823529 ], [ 85.352941176470594, 16.926470588235297 ], [ 85.470588235294116, 17.110294117647062 ], [ 85.588235294117652, 17.294117647058826 ], [ 85.705882352941188, 17.477941176470591 ], [ 85.82352941176471, 17.661764705882355 ], [ 85.941176470588232, 17.84558823529412 ], [ 86.058823529411768, 18.029411764705884 ], [ 86.176470588235304, 18.213235294117649 ], [ 86.294117647058826, 18.397058823529413 ], [ 86.411764705882348, 18.580882352941178 ], [ 86.529411764705884, 18.764705882352942 ], [ 86.64705882352942, 18.948529411764707 ], [ 86.764705882352942, 19.132352941176471 ], [ 86.882352941176464, 19.316176470588236 ], [ 87.0, 19.5 ], [ 87.214285714285722, 19.5 ], [ 87.428571428571431, 19.5 ], [ 87.642857142857139, 19.5 ], [ 87.857142857142861, 19.5 ], [ 88.071428571428584, 19.5 ], [ 88.285714285714292, 19.5 ], [ 88.5, 19.5 ], [ 88.714285714285708, 19.5 ], [ 88.928571428571416, 19.5 ], [ 89.142857142857139, 19.5 ], [ 89.357142857142861, 19.5 ], [ 89.571428571428569, 19.5 ], [ 89.785714285714278, 19.5 ], [ 90.0, 19.5 ], [ 90.214285714285722, 19.5 ], [ 90.428571428571431, 19.5 ], [ 90.642857142857139, 19.5 ], [ 90.857142857142861, 19.5 ], [ 91.071428571428584, 19.5 ], [ 91.285714285714292, 19.5 ], [ 91.5, 19.5 ], [ 91.714285714285708, 19.5 ], [ 91.928571428571416, 19.5 ], [ 92.142857142857139, 19.5 ], [ 92.357142857142861, 19.5 ], [ 92.571428571428569, 19.5 ], [ 92.785714285714278, 19.5 ], [ 93.0, 19.5 ], [ 93.0, 19.28448275862069 ], [ 93.0, 19.068965517241381 ], [ 93.0, 18.853448275862071 ], [ 93.0, 18.637931034482758 ], [ 93.0, 18.422413793103448 ], [ 93.0, 18.206896551724139 ], [ 93.0, 17.991379310344826 ], [ 93.0, 17.775862068965516 ], [ 93.0, 17.560344827586206 ], [ 93.0, 17.344827586206897 ], [ 93.0, 17.129310344827587 ], [ 93.0, 16.913793103448278 ], [ 93.0, 16.698275862068968 ], [ 93.0, 16.482758620689655 ], [ 93.0, 16.267241379310345 ], [ 93.0, 16.051724137931036 ], [ 93.0, 15.836206896551726 ], [ 93.0, 15.620689655172415 ], [ 93.0, 15.405172413793103 ], [ 93.0, 15.189655172413794 ], [ 93.0, 14.974137931034484 ], [ 93.0, 14.758620689655173 ], [ 93.0, 14.543103448275861 ], [ 93.0, 14.327586206896552 ], [ 93.0, 14.112068965517242 ], [ 93.0, 13.896551724137932 ], [ 93.0, 13.681034482758621 ], [ 93.0, 13.46551724137931 ], [ 93.0, 13.25 ], [ 93.0, 13.03448275862069 ], [ 93.0, 12.818965517241381 ], [ 93.0, 12.603448275862069 ], [ 93.0, 12.387931034482758 ], [ 93.0, 12.172413793103448 ], [ 93.0, 11.956896551724139 ], [ 93.0, 11.741379310344829 ], [ 93.0, 11.52586206896552 ], [ 93.0, 11.310344827586208 ], [ 93.0, 11.094827586206897 ], [ 93.0, 10.879310344827587 ], [ 93.0, 10.663793103448278 ], [ 93.0, 10.448275862068966 ], [ 93.0, 10.232758620689655 ], [ 93.0, 10.017241379310345 ], [ 93.0, 9.801724137931036 ], [ 93.0, 9.586206896551724 ], [ 93.0, 9.370689655172413 ], [ 93.0, 9.155172413793103 ], [ 93.0, 8.939655172413794 ], [ 93.0, 8.724137931034484 ], [ 93.0, 8.508620689655174 ], [ 93.0, 8.293103448275863 ], [ 93.0, 8.077586206896552 ], [ 93.0, 7.862068965517242 ], [ 93.0, 7.646551724137931 ], [ 93.0, 7.431034482758621 ], [ 93.0, 7.21551724137931 ], [ 93.0, 7.0 ], [ 92.78125, 7.0 ], [ 92.5625, 7.0 ], [ 92.34375, 7.0 ], [ 92.125, 7.0 ], [ 91.90625, 7.0 ], [ 91.6875, 7.0 ], [ 91.46875, 7.0 ], [ 91.25, 7.0 ], [ 91.03125, 7.0 ], [ 90.8125, 7.0 ], [ 90.59375, 7.0 ], [ 90.375, 7.0 ], [ 90.15625, 7.0 ], [ 89.9375, 7.0 ], [ 89.71875, 7.0 ], [ 89.5, 7.0 ], [ 89.28125, 7.0 ], [ 89.0625, 7.0 ], [ 88.84375, 7.0 ], [ 88.625, 7.0 ], [ 88.40625, 7.0 ], [ 88.1875, 7.0 ], [ 87.96875, 7.0 ], [ 87.75, 7.0 ], [ 87.53125, 7.0 ], [ 87.3125, 7.0 ], [ 87.09375, 7.0 ], [ 86.875, 7.0 ], [ 86.65625, 7.0 ], [ 86.4375, 7.0 ], [ 86.21875, 7.0 ], [ 86.0, 7.0 ], [ 85.78125, 7.0 ], [ 85.5625, 7.0 ], [ 85.34375, 7.0 ], [ 85.125, 7.0 ], [ 84.90625, 7.0 ], [ 84.6875, 7.0 ], [ 84.46875, 7.0 ], [ 84.25, 7.0 ], [ 84.03125, 7.0 ], [ 83.8125, 7.0 ], [ 83.59375, 7.0 ], [ 83.375, 7.0 ], [ 83.15625, 7.0 ], [ 82.9375, 7.0 ], [ 82.71875, 7.0 ], [ 82.5, 7.0 ], [ 82.28125, 7.0 ], [ 82.0625, 7.0 ], [ 81.84375, 7.0 ], [ 81.625, 7.0 ], [ 81.40625, 7.0 ], [ 81.1875, 7.0 ], [ 80.96875, 7.0 ], [ 80.75, 7.0 ], [ 80.53125, 7.0 ], [ 80.3125, 7.0 ], [ 80.09375, 7.0 ], [ 79.875, 7.0 ], [ 79.65625, 7.0 ], [ 79.4375, 7.0 ], [ 79.21875, 7.0 ], [ 79.0, 7.0 ] ] ] ] } },
{ "type": "Feature", "properties": { "ID": "WIO", "name": "WIO", "layer": "small-islands_v2", "path": "\/media\/maialen\/work\/WORK\/GIT\/ATLAS\/reference-regions\/small-islands.geojson" }, "geometry": { "type": "MultiPolygon", "coordinates": [ [ [ [ 52.0, -25.0 ], [ 52.0, -24.794871794871796 ], [ 52.0, -24.589743589743591 ], [ 52.0, -24.384615384615387 ], [ 52.0, -24.179487179487179 ], [ 52.0, -23.974358974358974 ], [ 52.0, -23.76923076923077 ], [ 52.0, -23.564102564102566 ], [ 52.0, -23.358974358974361 ], [ 52.0, -23.153846153846153 ], [ 52.0, -22.948717948717949 ], [ 52.0, -22.743589743589745 ], [ 52.0, -22.53846153846154 ], [ 52.0, -22.333333333333336 ], [ 52.0, -22.128205128205131 ], [ 52.0, -21.923076923076923 ], [ 52.0, -21.717948717948719 ], [ 52.0, -21.512820512820515 ], [ 52.0, -21.307692307692307 ], [ 52.0, -21.102564102564102 ], [ 52.0, -20.897435897435898 ], [ 52.0, -20.692307692307693 ], [ 52.0, -20.487179487179489 ], [ 52.0, -20.282051282051281 ], [ 52.0, -20.076923076923077 ], [ 52.0, -19.871794871794872 ], [ 52.0, -19.666666666666664 ], [ 52.0, -19.46153846153846 ], [ 52.0, -19.256410256410255 ], [ 52.0, -19.051282051282051 ], [ 52.0, -18.846153846153847 ], [ 52.0, -18.641025641025639 ], [ 52.0, -18.435897435897434 ], [ 52.0, -18.23076923076923 ], [ 52.0, -18.025641025641022 ], [ 52.0, -17.820512820512818 ], [ 52.0, -17.615384615384613 ], [ 52.0, -17.410256410256409 ], [ 52.0, -17.205128205128204 ], [ 52.0, -17.0 ], [ 52.0, -16.794871794871792 ], [ 52.0, -16.589743589743588 ], [ 52.0, -16.384615384615383 ], [ 52.0, -16.179487179487179 ], [ 52.0, -15.974358974358973 ], [ 52.0, -15.769230769230768 ], [ 52.0, -15.564102564102564 ], [ 52.0, -15.358974358974358 ], [ 52.0, -15.153846153846153 ], [ 52.0, -14.948717948717949 ], [ 52.0, -14.743589743589743 ], [ 52.0, -14.538461538461538 ], [ 52.0, -14.333333333333332 ], [ 52.0, -14.128205128205128 ], [ 52.0, -13.923076923076923 ], [ 52.0, -13.717948717948717 ], [ 52.0, -13.512820512820513 ], [ 52.0, -13.307692307692307 ], [ 52.0, -13.102564102564102 ], [ 52.0, -12.897435897435898 ], [ 52.0, -12.692307692307692 ], [ 52.0, -12.487179487179487 ], [ 52.0, -12.282051282051281 ], [ 52.0, -12.076923076923077 ], [ 52.0, -11.87179487179487 ], [ 52.0, -11.666666666666666 ], [ 52.0, -11.46153846153846 ], [ 52.0, -11.256410256410255 ], [ 52.0, -11.051282051282051 ], [ 52.0, -10.846153846153845 ], [ 52.0, -10.641025641025641 ], [ 52.0, -10.435897435897434 ], [ 52.0, -10.23076923076923 ], [ 52.0, -10.025641025641026 ], [ 52.0, -9.820512820512819 ], [ 52.0, -9.615384615384615 ], [ 52.0, -9.410256410256411 ], [ 52.0, -9.205128205128204 ], [ 52.0, -9.0 ], [ 52.0, -8.794871794871796 ], [ 52.0, -8.589743589743589 ], [ 52.0, -8.384615384615385 ], [ 52.0, -8.179487179487181 ], [ 52.0, -7.974358974358975 ], [ 52.0, -7.76923076923077 ], [ 52.0, -7.564102564102565 ], [ 52.0, -7.358974358974359 ], [ 52.0, -7.153846153846154 ], [ 52.0, -6.948717948717949 ], [ 52.0, -6.743589743589744 ], [ 52.0, -6.538461538461538 ], [ 52.0, -6.333333333333333 ], [ 52.0, -6.128205128205128 ], [ 52.0, -5.923076923076922 ], [ 52.0, -5.717948717948717 ], [ 52.0, -5.512820512820512 ], [ 52.0, -5.307692307692307 ], [ 52.0, -5.102564102564101 ], [ 52.0, -4.897435897435897 ], [ 52.0, -4.692307692307692 ], [ 52.0, -4.487179487179487 ], [ 52.0, -4.282051282051282 ], [ 52.0, -4.076923076923077 ], [ 52.0, -3.871794871794872 ], [ 52.0, -3.666666666666667 ], [ 52.0, -3.461538461538462 ], [ 52.0, -3.256410256410257 ], [ 52.0, -3.051282051282052 ], [ 52.0, -2.846153846153847 ], [ 52.0, -2.641025641025642 ], [ 52.0, -2.435897435897437 ], [ 52.0, -2.230769230769231 ], [ 52.0, -2.025641025641026 ], [ 52.0, -1.82051282051282 ], [ 52.0, -1.615384615384615 ], [ 52.0, -1.41025641025641 ], [ 52.0, -1.205128205128204 ], [ 52.0, -1.0 ], [ 52.0, -0.794871794871794 ], [ 52.0, -0.589743589743588 ], [ 52.0, -0.384615384615383 ], [ 52.0, -0.179487179487178 ], [ 52.0, 0.025641025641027 ], [ 52.0, 0.230769230769232 ], [ 52.0, 0.435897435897437 ], [ 52.0, 0.641025641025642 ], [ 52.0, 0.846153846153847 ], [ 52.0, 1.051282051282052 ], [ 52.0, 1.256410256410257 ], [ 52.0, 1.461538461538462 ], [ 52.0, 1.666666666666667 ], [ 52.0, 1.871794871794872 ], [ 52.0, 2.076923076923077 ], [ 52.0, 2.282051282051282 ], [ 52.0, 2.487179487179488 ], [ 52.0, 2.692307692307693 ], [ 52.0, 2.897435897435898 ], [ 52.0, 3.102564102564103 ], [ 52.0, 3.307692307692308 ], [ 52.0, 3.512820512820514 ], [ 52.0, 3.717948717948719 ], [ 52.0, 3.923076923076924 ], [ 52.0, 4.12820512820513 ], [ 52.0, 4.333333333333335 ], [ 52.0, 4.53846153846154 ], [ 52.0, 4.743589743589745 ], [ 52.0, 4.94871794871795 ], [ 52.0, 5.153846153846155 ], [ 52.0, 5.35897435897436 ], [ 52.0, 5.564102564102565 ], [ 52.0, 5.76923076923077 ], [ 52.0, 5.974358974358974 ], [ 52.0, 6.17948717948718 ], [ 52.0, 6.384615384615385 ], [ 52.0, 6.589743589743589 ], [ 52.0, 6.794871794871795 ], [ 52.0, 7.0 ], [ 52.209090909090911, 7.0 ], [ 52.418181818181814, 7.0 ], [ 52.627272727272725, 7.0 ], [ 52.836363636363636, 7.0 ], [ 53.045454545454547, 7.0 ], [ 53.25454545454545, 7.0 ], [ 53.463636363636361, 7.0 ], [ 53.672727272727272, 7.0 ], [ 53.881818181818183, 7.0 ], [ 54.090909090909086, 7.0 ], [ 54.3, 7.0 ], [ 54.509090909090908, 7.0 ], [ 54.718181818181819, 7.0 ], [ 54.927272727272722, 7.0 ], [ 55.136363636363633, 7.0 ], [ 55.345454545454544, 7.0 ], [ 55.554545454545455, 7.0 ], [ 55.763636363636365, 7.0 ], [ 55.972727272727276, 7.0 ], [ 56.18181818181818, 7.0 ], [ 56.390909090909091, 7.0 ], [ 56.6, 7.0 ], [ 56.809090909090912, 7.0 ], [ 57.018181818181816, 7.0 ], [ 57.227272727272727, 7.0 ], [ 57.436363636363637, 7.0 ], [ 57.645454545454548, 7.0 ], [ 57.854545454545452, 7.0 ], [ 58.063636363636363, 7.0 ], [ 58.272727272727273, 7.0 ], [ 58.481818181818184, 7.0 ], [ 58.690909090909088, 7.0 ], [ 58.9, 7.0 ], [ 59.109090909090909, 7.0 ], [ 59.31818181818182, 7.0 ], [ 59.527272727272724, 7.0 ], [ 59.736363636363635, 7.0 ], [ 59.945454545454545, 7.0 ], [ 60.154545454545456, 7.0 ], [ 60.363636363636367, 7.0 ], [ 60.572727272727278, 7.0 ], [ 60.781818181818181, 7.0 ], [ 60.990909090909092, 7.0 ], [ 61.2, 7.0 ], [ 61.409090909090914, 7.0 ], [ 61.618181818181817, 7.0 ], [ 61.827272727272728, 7.0 ], [ 62.036363636363639, 7.0 ], [ 62.24545454545455, 7.0 ], [ 62.454545454545453, 7.0 ], [ 62.663636363636364, 7.0 ], [ 62.872727272727275, 7.0 ], [ 63.081818181818186, 7.0 ], [ 63.290909090909089, 7.0 ], [ 63.5, 7.0 ], [ 63.709090909090911, 7.0 ], [ 63.918181818181814, 7.0 ], [ 64.127272727272725, 7.0 ], [ 64.336363636363629, 7.0 ], [ 64.545454545454547, 7.0 ], [ 64.75454545454545, 7.0 ], [ 64.963636363636368, 7.0 ], [ 65.172727272727272, 7.0 ], [ 65.381818181818176, 7.0 ], [ 65.590909090909093, 7.0 ], [ 65.8, 7.0 ], [ 66.009090909090901, 7.0 ], [ 66.218181818181819, 7.0 ], [ 66.427272727272722, 7.0 ], [ 66.636363636363626, 7.0 ], [ 66.845454545454544, 7.0 ], [ 67.054545454545448, 7.0 ], [ 67.263636363636365, 7.0 ], [ 67.472727272727269, 7.0 ], [ 67.681818181818173, 7.0 ], [ 67.890909090909091, 7.0 ], [ 68.1, 7.0 ], [ 68.309090909090898, 7.0 ], [ 68.518181818181816, 7.0 ], [ 68.72727272727272, 7.0 ], [ 68.936363636363637, 7.0 ], [ 69.145454545454541, 7.0 ], [ 69.354545454545459, 7.0 ], [ 69.563636363636363, 7.0 ], [ 69.77272727272728, 7.0 ], [ 69.981818181818184, 7.0 ], [ 70.190909090909102, 7.0 ], [ 70.4, 7.0 ], [ 70.609090909090909, 7.0 ], [ 70.818181818181827, 7.0 ], [ 71.027272727272731, 7.0 ], [ 71.236363636363635, 7.0 ], [ 71.445454545454552, 7.0 ], [ 71.654545454545456, 7.0 ], [ 71.863636363636374, 7.0 ], [ 72.072727272727278, 7.0 ], [ 72.281818181818181, 7.0 ], [ 72.490909090909099, 7.0 ], [ 72.7, 7.0 ], [ 72.909090909090907, 7.0 ], [ 73.118181818181824, 7.0 ], [ 73.327272727272728, 7.0 ], [ 73.536363636363632, 7.0 ], [ 73.74545454545455, 7.0 ], [ 73.954545454545453, 7.0 ], [ 74.163636363636371, 7.0 ], [ 74.372727272727275, 7.0 ], [ 74.581818181818178, 7.0 ], [ 74.790909090909096, 7.0 ], [ 75.0, 7.0 ], [ 75.0, 6.794871794871795 ], [ 75.0, 6.589743589743589 ], [ 75.0, 6.384615384615385 ], [ 75.0, 6.17948717948718 ], [ 75.0, 5.974358974358974 ], [ 75.0, 5.769230769230769 ], [ 75.0, 5.564102564102564 ], [ 75.0, 5.358974358974359 ], [ 75.0, 5.153846153846153 ], [ 75.0, 4.948717948717949 ], [ 75.0, 4.743589743589744 ], [ 75.0, 4.538461538461538 ], [ 75.0, 4.333333333333333 ], [ 75.0, 4.128205128205128 ], [ 75.0, 3.923076923076923 ], [ 75.0, 3.717948717948718 ], [ 75.0, 3.512820512820513 ], [ 75.0, 3.307692307692307 ], [ 75.0, 3.102564102564103 ], [ 75.0, 2.897435897435898 ], [ 75.0, 2.692307692307693 ], [ 75.0, 2.487179487179488 ], [ 75.0, 2.282051282051282 ], [ 75.0, 2.076923076923077 ], [ 75.0, 1.871794871794872 ], [ 75.0, 1.666666666666667 ], [ 75.0, 1.461538461538462 ], [ 75.0, 1.256410256410256 ], [ 75.0, 1.051282051282051 ], [ 75.0, 0.846153846153846 ], [ 75.0, 0.641025641025641 ], [ 75.0, 0.435897435897436 ], [ 75.0, 0.23076923076923 ], [ 75.0, 0.025641025641026 ], [ 75.0, -0.17948717948718 ], [ 75.0, -0.384615384615385 ], [ 75.0, -0.58974358974359 ], [ 75.0, -0.794871794871795 ], [ 75.0, -1.0 ], [ 75.0, -1.205128205128206 ], [ 75.0, -1.410256410256411 ], [ 75.0, -1.615384615384616 ], [ 75.0, -1.820512820512821 ], [ 75.0, -2.025641025641026 ], [ 75.0, -2.230769230769232 ], [ 75.0, -2.435897435897437 ], [ 75.0, -2.641025641025642 ], [ 75.0, -2.846153846153847 ], [ 75.0, -3.051282051282052 ], [ 75.0, -3.256410256410257 ], [ 75.0, -3.461538461538463 ], [ 75.0, -3.666666666666667 ], [ 75.0, -3.871794871794872 ], [ 75.0, -4.076923076923078 ], [ 75.0, -4.282051282051283 ], [ 75.0, -4.487179487179488 ], [ 75.0, -4.692307692307693 ], [ 75.0, -4.897435897435898 ], [ 75.0, -5.102564102564103 ], [ 75.0, -5.307692307692308 ], [ 75.0, -5.512820512820514 ], [ 75.0, -5.717948717948719 ], [ 75.0, -5.923076923076923 ], [ 75.0, -6.128205128205129 ], [ 75.0, -6.333333333333334 ], [ 75.0, -6.538461538461539 ], [ 75.0, -6.743589743589745 ], [ 75.0, -6.948717948717949 ], [ 75.0, -7.153846153846155 ], [ 75.0, -7.358974358974359 ], [ 75.0, -7.564102564102565 ], [ 75.0, -7.76923076923077 ], [ 75.0, -7.974358974358975 ], [ 75.0, -8.179487179487181 ], [ 75.0, -8.384615384615385 ], [ 75.0, -8.589743589743589 ], [ 75.0, -8.794871794871796 ], [ 75.0, -9.0 ], [ 75.0, -9.205128205128204 ], [ 75.0, -9.410256410256411 ], [ 75.0, -9.615384615384615 ], [ 75.0, -9.820512820512819 ], [ 75.0, -10.025641025641026 ], [ 75.0, -10.23076923076923 ], [ 75.0, -10.435897435897434 ], [ 75.0, -10.641025641025641 ], [ 75.0, -10.846153846153847 ], [ 75.0, -11.051282051282051 ], [ 75.0, -11.256410256410255 ], [ 75.0, -11.461538461538462 ], [ 75.0, -11.666666666666666 ], [ 75.0, -11.871794871794872 ], [ 75.0, -12.076923076923077 ], [ 75.0, -12.282051282051283 ], [ 75.0, -12.487179487179489 ], [ 75.0, -12.692307692307693 ], [ 75.0, -12.897435897435898 ], [ 75.0, -13.102564102564104 ], [ 75.0, -13.307692307692308 ], [ 75.0, -13.512820512820513 ], [ 75.0, -13.717948717948719 ], [ 75.0, -13.923076923076923 ], [ 75.0, -14.128205128205128 ], [ 75.0, -14.333333333333334 ], [ 75.0, -14.538461538461538 ], [ 75.0, -14.743589743589743 ], [ 75.0, -14.948717948717949 ], [ 75.0, -15.153846153846153 ], [ 75.0, -15.358974358974358 ], [ 75.0, -15.564102564102564 ], [ 75.0, -15.76923076923077 ], [ 75.0, -15.974358974358974 ], [ 75.0, -16.179487179487179 ], [ 75.0, -16.384615384615387 ], [ 75.0, -16.589743589743591 ], [ 75.0, -16.794871794871796 ], [ 75.0, -17.0 ], [ 75.0, -17.205128205128204 ], [ 75.0, -17.410256410256412 ], [ 75.0, -17.615384615384617 ], [ 75.0, -17.820512820512821 ], [ 75.0, -18.025641025641026 ], [ 75.0, -18.230769230769234 ], [ 75.0, -18.435897435897438 ], [ 75.0, -18.641025641025642 ], [ 75.0, -18.846153846153847 ], [ 75.0, -19.051282051282051 ], [ 75.0, -19.256410256410255 ], [ 75.0, -19.46153846153846 ], [ 75.0, -19.666666666666668 ], [ 75.0, -19.871794871794872 ], [ 75.0, -20.076923076923077 ], [ 75.0, -20.282051282051281 ], [ 75.0, -20.487179487179489 ], [ 75.0, -20.692307692307693 ], [ 75.0, -20.897435897435898 ], [ 75.0, -21.102564102564102 ], [ 75.0, -21.307692307692307 ], [ 75.0, -21.512820512820515 ], [ 75.0, -21.717948717948719 ], [ 75.0, -21.923076923076923 ], [ 75.0, -22.128205128205131 ], [ 75.0, -22.333333333333336 ], [ 75.0, -22.53846153846154 ], [ 75.0, -22.743589743589745 ], [ 75.0, -22.948717948717949 ], [ 75.0, -23.153846153846153 ], [ 75.0, -23.358974358974361 ], [ 75.0, -23.564102564102566 ], [ 75.0, -23.76923076923077 ], [ 75.0, -23.974358974358974 ], [ 75.0, -24.179487179487179 ], [ 75.0, -24.384615384615387 ], [ 75.0, -24.589743589743591 ], [ 75.0, -24.794871794871796 ], [ 75.0, -25.0 ], [ 74.790909090909096, -25.0 ], [ 74.581818181818178, -25.0 ], [ 74.372727272727275, -25.0 ], [ 74.163636363636371, -25.0 ], [ 73.954545454545453, -25.0 ], [ 73.74545454545455, -25.0 ], [ 73.536363636363632, -25.0 ], [ 73.327272727272728, -25.0 ], [ 73.118181818181824, -25.0 ], [ 72.909090909090907, -25.0 ], [ 72.7, -25.0 ], [ 72.490909090909099, -25.0 ], [ 72.281818181818181, -25.0 ], [ 72.072727272727278, -25.0 ], [ 71.863636363636374, -25.0 ], [ 71.654545454545456, -25.0 ], [ 71.445454545454552, -25.0 ], [ 71.236363636363635, -25.0 ], [ 71.027272727272731, -25.0 ], [ 70.818181818181827, -25.0 ], [ 70.609090909090909, -25.0 ], [ 70.4, -25.0 ], [ 70.190909090909102, -25.0 ], [ 69.981818181818184, -25.0 ], [ 69.77272727272728, -25.0 ], [ 69.563636363636363, -25.0 ], [ 69.354545454545459, -25.0 ], [ 69.145454545454541, -25.0 ], [ 68.936363636363637, -25.0 ], [ 68.72727272727272, -25.0 ], [ 68.518181818181816, -25.0 ], [ 68.309090909090898, -25.0 ], [ 68.1, -25.0 ], [ 67.890909090909091, -25.0 ], [ 67.681818181818173, -25.0 ], [ 67.472727272727269, -25.0 ], [ 67.263636363636365, -25.0 ], [ 67.054545454545448, -25.0 ], [ 66.845454545454544, -25.0 ], [ 66.636363636363626, -25.0 ], [ 66.427272727272722, -25.0 ], [ 66.218181818181819, -25.0 ], [ 66.009090909090901, -25.0 ], [ 65.8, -25.0 ], [ 65.590909090909093, -25.0 ], [ 65.381818181818176, -25.0 ], [ 65.172727272727272, -25.0 ], [ 64.963636363636368, -25.0 ], [ 64.75454545454545, -25.0 ], [ 64.545454545454547, -25.0 ], [ 64.336363636363629, -25.0 ], [ 64.127272727272725, -25.0 ], [ 63.918181818181814, -25.0 ], [ 63.709090909090911, -25.0 ], [ 63.5, -25.0 ], [ 63.290909090909089, -25.0 ], [ 63.081818181818186, -25.0 ], [ 62.872727272727275, -25.0 ], [ 62.663636363636364, -25.0 ], [ 62.454545454545453, -25.0 ], [ 62.24545454545455, -25.0 ], [ 62.036363636363639, -25.0 ], [ 61.827272727272728, -25.0 ], [ 61.618181818181817, -25.0 ], [ 61.409090909090914, -25.0 ], [ 61.2, -25.0 ], [ 60.990909090909092, -25.0 ], [ 60.781818181818181, -25.0 ], [ 60.572727272727278, -25.0 ], [ 60.363636363636367, -25.0 ], [ 60.154545454545456, -25.0 ], [ 59.945454545454545, -25.0 ], [ 59.736363636363635, -25.0 ], [ 59.527272727272724, -25.0 ], [ 59.31818181818182, -25.0 ], [ 59.109090909090909, -25.0 ], [ 58.9, -25.0 ], [ 58.690909090909088, -25.0 ], [ 58.481818181818184, -25.0 ], [ 58.272727272727273, -25.0 ], [ 58.063636363636363, -25.0 ], [ 57.854545454545452, -25.0 ], [ 57.645454545454548, -25.0 ], [ 57.436363636363637, -25.0 ], [ 57.227272727272727, -25.0 ], [ 57.018181818181816, -25.0 ], [ 56.809090909090912, -25.0 ], [ 56.6, -25.0 ], [ 56.390909090909091, -25.0 ], [ 56.18181818181818, -25.0 ], [ 55.972727272727276, -25.0 ], [ 55.763636363636365, -25.0 ], [ 55.554545454545455, -25.0 ], [ 55.345454545454544, -25.0 ], [ 55.136363636363633, -25.0 ], [ 54.927272727272722, -25.0 ], [ 54.718181818181819, -25.0 ], [ 54.509090909090908, -25.0 ], [ 54.3, -25.0 ], [ 54.090909090909086, -25.0 ], [ 53.881818181818183, -25.0 ], [ 53.672727272727272, -25.0 ], [ 53.463636363636361, -25.0 ], [ 53.25454545454545, -25.0 ], [ 53.045454545454547, -25.0 ], [ 52.836363636363636, -25.0 ], [ 52.627272727272725, -25.0 ], [ 52.418181818181814, -25.0 ], [ 52.209090909090911, -25.0 ], [ 52.0, -25.0 ] ] ] ] } },
{ "type": "Feature", "properties": { "ID": "CAR", "name": "CAR", "layer": "small-islands_v2", "path": "\/media\/maialen\/work\/WORK\/GIT\/ATLAS\/reference-regions\/small-islands.geojson" }, "geometry": { "type": "MultiPolygon", "coordinates": [ [ [ [ -75.0, 12.0 ], [ -75.163043478260875, 12.141304347826086 ], [ -75.326086956521735, 12.282608695652174 ], [ -75.489130434782609, 12.423913043478262 ], [ -75.652173913043484, 12.565217391304348 ], [ -75.815217391304344, 12.706521739130434 ], [ -75.978260869565219, 12.847826086956522 ], [ -76.141304347826093, 12.989130434782609 ], [ -76.304347826086953, 13.130434782608695 ], [ -76.467391304347828, 13.271739130434781 ], [ -76.630434782608702, 13.413043478260869 ], [ -76.793478260869563, 13.554347826086957 ], [ -76.956521739130437, 13.695652173913043 ], [ -77.119565217391312, 13.836956521739129 ], [ -77.282608695652172, 13.978260869565217 ], [ -77.445652173913032, 14.119565217391305 ], [ -77.608695652173907, 14.260869565217391 ], [ -77.771739130434781, 14.402173913043477 ], [ -77.934782608695656, 14.543478260869565 ], [ -78.09782608695653, 14.684782608695652 ], [ -78.260869565217391, 14.826086956521738 ], [ -78.423913043478251, 14.967391304347824 ], [ -78.586956521739125, 15.108695652173912 ], [ -78.75, 15.25 ], [ -78.913043478260875, 15.391304347826086 ], [ -79.076086956521749, 15.532608695652174 ], [ -79.239130434782609, 15.673913043478262 ], [ -79.40217391304347, 15.815217391304348 ], [ -79.565217391304344, 15.956521739130434 ], [ -79.728260869565219, 16.097826086956523 ], [ -79.891304347826093, 16.239130434782609 ], [ -80.054347826086968, 16.380434782608695 ], [ -80.217391304347828, 16.521739130434781 ], [ -80.380434782608688, 16.663043478260867 ], [ -80.543478260869563, 16.804347826086957 ], [ -80.706521739130437, 16.945652173913043 ], [ -80.869565217391312, 17.086956521739129 ], [ -81.032608695652186, 17.228260869565219 ], [ -81.195652173913047, 17.369565217391305 ], [ -81.358695652173907, 17.510869565217391 ], [ -81.521739130434781, 17.652173913043477 ], [ -81.684782608695656, 17.793478260869563 ], [ -81.847826086956516, 17.934782608695652 ], [ -82.010869565217391, 18.076086956521738 ], [ -82.173913043478265, 18.217391304347824 ], [ -82.336956521739125, 18.358695652173914 ], [ -82.5, 18.5 ], [ -82.663043478260875, 18.641304347826086 ], [ -82.826086956521735, 18.782608695652172 ], [ -82.989130434782609, 18.923913043478258 ], [ -83.152173913043484, 19.065217391304348 ], [ -83.315217391304344, 19.206521739130437 ], [ -83.478260869565219, 19.347826086956523 ], [ -83.641304347826093, 19.489130434782609 ], [ -83.804347826086953, 19.630434782608695 ], [ -83.967391304347814, 19.771739130434781 ], [ -84.130434782608688, 19.913043478260867 ], [ -84.293478260869563, 20.054347826086953 ], [ -84.456521739130437, 20.195652173913043 ], [ -84.619565217391312, 20.336956521739133 ], [ -84.782608695652172, 20.478260869565219 ], [ -84.945652173913032, 20.619565217391305 ], [ -85.108695652173907, 20.760869565217391 ], [ -85.271739130434781, 20.902173913043477 ], [ -85.434782608695656, 21.043478260869563 ], [ -85.59782608695653, 21.184782608695649 ], [ -85.760869565217391, 21.326086956521738 ], [ -85.923913043478251, 21.467391304347828 ], [ -86.086956521739125, 21.608695652173914 ], [ -86.25, 21.75 ], [ -86.413043478260875, 21.891304347826086 ], [ -86.576086956521749, 22.032608695652172 ], [ -86.739130434782609, 22.173913043478258 ], [ -86.90217391304347, 22.315217391304344 ], [ -87.065217391304344, 22.456521739130434 ], [ -87.228260869565219, 22.597826086956523 ], [ -87.391304347826093, 22.739130434782609 ], [ -87.554347826086968, 22.880434782608695 ], [ -87.717391304347828, 23.021739130434781 ], [ -87.880434782608688, 23.163043478260867 ], [ -88.043478260869563, 23.304347826086953 ], [ -88.206521739130437, 23.445652173913039 ], [ -88.369565217391312, 23.586956521739129 ], [ -88.532608695652186, 23.728260869565219 ], [ -88.695652173913047, 23.869565217391305 ], [ -88.858695652173907, 24.010869565217391 ], [ -89.021739130434781, 24.152173913043477 ], [ -89.184782608695656, 24.293478260869563 ], [ -89.347826086956516, 24.434782608695649 ], [ -89.510869565217391, 24.576086956521735 ], [ -89.673913043478265, 24.717391304347824 ], [ -89.836956521739125, 24.858695652173914 ], [ -90.0, 25.0 ], [ -89.782608695652172, 25.0 ], [ -89.565217391304344, 25.0 ], [ -89.34782608695653, 25.0 ], [ -89.130434782608702, 25.0 ], [ -88.913043478260875, 25.0 ], [ -88.695652173913047, 25.0 ], [ -88.478260869565219, 25.0 ], [ -88.260869565217391, 25.0 ], [ -88.043478260869563, 25.0 ], [ -87.826086956521735, 25.0 ], [ -87.608695652173907, 25.0 ], [ -87.391304347826093, 25.0 ], [ -87.173913043478265, 25.0 ], [ -86.956521739130437, 25.0 ], [ -86.739130434782609, 25.0 ], [ -86.521739130434781, 25.0 ], [ -86.304347826086953, 25.0 ], [ -86.086956521739125, 25.0 ], [ -85.869565217391312, 25.0 ], [ -85.652173913043484, 25.0 ], [ -85.434782608695656, 25.0 ], [ -85.217391304347828, 25.0 ], [ -85.0, 25.0 ], [ -84.782608695652172, 25.0 ], [ -84.565217391304344, 25.0 ], [ -84.347826086956516, 25.0 ], [ -84.130434782608688, 25.0 ], [ -83.913043478260875, 25.0 ], [ -83.695652173913047, 25.0 ], [ -83.478260869565219, 25.0 ], [ -83.260869565217391, 25.0 ], [ -83.043478260869563, 25.0 ], [ -82.826086956521735, 25.0 ], [ -82.608695652173907, 25.0 ], [ -82.391304347826093, 25.0 ], [ -82.173913043478265, 25.0 ], [ -81.956521739130437, 25.0 ], [ -81.739130434782609, 25.0 ], [ -81.521739130434781, 25.0 ], [ -81.304347826086953, 25.0 ], [ -81.086956521739125, 25.0 ], [ -80.869565217391312, 25.0 ], [ -80.652173913043484, 25.0 ], [ -80.434782608695656, 25.0 ], [ -80.217391304347828, 25.0 ], [ -80.0, 25.0 ], [ -79.782608695652172, 25.0 ], [ -79.565217391304344, 25.0 ], [ -79.347826086956516, 25.0 ], [ -79.130434782608688, 25.0 ], [ -78.913043478260875, 25.0 ], [ -78.695652173913047, 25.0 ], [ -78.478260869565219, 25.0 ], [ -78.260869565217391, 25.0 ], [ -78.043478260869563, 25.0 ], [ -77.826086956521735, 25.0 ], [ -77.608695652173907, 25.0 ], [ -77.391304347826093, 25.0 ], [ -77.173913043478265, 25.0 ], [ -76.956521739130437, 25.0 ], [ -76.739130434782609, 25.0 ], [ -76.521739130434781, 25.0 ], [ -76.304347826086953, 25.0 ], [ -76.086956521739125, 25.0 ], [ -75.869565217391312, 25.0 ], [ -75.652173913043484, 25.0 ], [ -75.434782608695656, 25.0 ], [ -75.217391304347828, 25.0 ], [ -75.0, 25.0 ], [ -74.782608695652172, 25.0 ], [ -74.565217391304344, 25.0 ], [ -74.347826086956516, 25.0 ], [ -74.130434782608688, 25.0 ], [ -73.913043478260875, 25.0 ], [ -73.695652173913047, 25.0 ], [ -73.478260869565219, 25.0 ], [ -73.260869565217391, 25.0 ], [ -73.043478260869563, 25.0 ], [ -72.826086956521735, 25.0 ], [ -72.608695652173907, 25.0 ], [ -72.391304347826093, 25.0 ], [ -72.173913043478265, 25.0 ], [ -71.956521739130437, 25.0 ], [ -71.739130434782609, 25.0 ], [ -71.521739130434781, 25.0 ], [ -71.304347826086953, 25.0 ], [ -71.086956521739125, 25.0 ], [ -70.869565217391312, 25.0 ], [ -70.652173913043484, 25.0 ], [ -70.434782608695656, 25.0 ], [ -70.217391304347828, 25.0 ], [ -70.0, 25.0 ], [ -69.836956521739125, 24.858695652173914 ], [ -69.673913043478265, 24.717391304347824 ], [ -69.510869565217391, 24.576086956521738 ], [ -69.347826086956516, 24.434782608695652 ], [ -69.184782608695656, 24.293478260869563 ], [ -69.021739130434781, 24.152173913043477 ], [ -68.858695652173907, 24.010869565217391 ], [ -68.695652173913047, 23.869565217391305 ], [ -68.532608695652172, 23.728260869565219 ], [ -68.369565217391298, 23.586956521739129 ], [ -68.206521739130437, 23.445652173913043 ], [ -68.043478260869563, 23.304347826086957 ], [ -67.880434782608688, 23.163043478260867 ], [ -67.717391304347828, 23.021739130434781 ], [ -67.554347826086968, 22.880434782608695 ], [ -67.391304347826093, 22.739130434782609 ], [ -67.228260869565219, 22.597826086956523 ], [ -67.065217391304344, 22.456521739130434 ], [ -66.90217391304347, 22.315217391304348 ], [ -66.739130434782609, 22.173913043478262 ], [ -66.576086956521749, 22.032608695652172 ], [ -66.413043478260875, 21.891304347826086 ], [ -66.25, 21.75 ], [ -66.086956521739125, 21.608695652173914 ], [ -65.923913043478251, 21.467391304347828 ], [ -65.760869565217391, 21.326086956521738 ], [ -65.59782608695653, 21.184782608695652 ], [ -65.434782608695656, 21.043478260869566 ], [ -65.271739130434781, 20.902173913043477 ], [ -65.108695652173907, 20.760869565217391 ], [ -64.945652173913032, 20.619565217391305 ], [ -64.782608695652172, 20.478260869565219 ], [ -64.619565217391312, 20.336956521739133 ], [ -64.456521739130437, 20.195652173913043 ], [ -64.293478260869563, 20.054347826086957 ], [ -64.130434782608688, 19.913043478260871 ], [ -63.967391304347821, 19.771739130434781 ], [ -63.804347826086953, 19.630434782608695 ], [ -63.641304347826086, 19.489130434782609 ], [ -63.478260869565219, 19.347826086956523 ], [ -63.315217391304344, 19.206521739130437 ], [ -63.152173913043477, 19.065217391304348 ], [ -62.989130434782609, 18.923913043478262 ], [ -62.826086956521742, 18.782608695652176 ], [ -62.663043478260875, 18.641304347826086 ], [ -62.5, 18.5 ], [ -62.336956521739125, 18.358695652173914 ], [ -62.173913043478258, 18.217391304347828 ], [ -62.010869565217391, 18.076086956521742 ], [ -61.847826086956523, 17.934782608695652 ], [ -61.684782608695656, 17.793478260869563 ], [ -61.521739130434781, 17.652173913043477 ], [ -61.358695652173914, 17.510869565217391 ], [ -61.195652173913047, 17.369565217391305 ], [ -61.032608695652172, 17.228260869565219 ], [ -60.869565217391305, 17.086956521739133 ], [ -60.706521739130437, 16.945652173913047 ], [ -60.543478260869563, 16.804347826086957 ], [ -60.380434782608695, 16.663043478260867 ], [ -60.217391304347828, 16.521739130434781 ], [ -60.054347826086953, 16.380434782608695 ], [ -59.891304347826086, 16.239130434782609 ], [ -59.728260869565219, 16.097826086956523 ], [ -59.565217391304344, 15.956521739130435 ], [ -59.402173913043477, 15.815217391304348 ], [ -59.239130434782609, 15.673913043478262 ], [ -59.076086956521735, 15.532608695652176 ], [ -58.913043478260867, 15.391304347826088 ], [ -58.75, 15.25 ], [ -58.586956521739133, 15.108695652173914 ], [ -58.423913043478265, 14.967391304347828 ], [ -58.260869565217391, 14.82608695652174 ], [ -58.097826086956523, 14.684782608695652 ], [ -57.934782608695656, 14.543478260869566 ], [ -57.771739130434781, 14.40217391304348 ], [ -57.608695652173914, 14.260869565217392 ], [ -57.445652173913047, 14.119565217391305 ], [ -57.282608695652172, 13.978260869565219 ], [ -57.119565217391305, 13.836956521739133 ], [ -56.956521739130437, 13.695652173913045 ], [ -56.793478260869563, 13.554347826086957 ], [ -56.630434782608695, 13.413043478260871 ], [ -56.467391304347828, 13.271739130434785 ], [ -56.304347826086953, 13.130434782608697 ], [ -56.141304347826086, 12.989130434782609 ], [ -55.978260869565219, 12.847826086956523 ], [ -55.815217391304344, 12.706521739130437 ], [ -55.652173913043477, 12.565217391304349 ], [ -55.489130434782609, 12.423913043478262 ], [ -55.326086956521735, 12.282608695652176 ], [ -55.163043478260867, 12.141304347826088 ], [ -55.0, 12.0 ], [ -55.217391304347828, 12.0 ], [ -55.434782608695649, 12.0 ], [ -55.652173913043477, 12.0 ], [ -55.869565217391305, 12.0 ], [ -56.086956521739125, 12.0 ], [ -56.304347826086953, 12.0 ], [ -56.521739130434781, 12.0 ], [ -56.739130434782609, 12.0 ], [ -56.956521739130437, 12.0 ], [ -57.173913043478258, 12.0 ], [ -57.391304347826086, 12.0 ], [ -57.608695652173914, 12.0 ], [ -57.826086956521735, 12.0 ], [ -58.043478260869563, 12.0 ], [ -58.260869565217391, 12.0 ], [ -58.478260869565219, 12.0 ], [ -58.695652173913047, 12.0 ], [ -58.913043478260867, 12.0 ], [ -59.130434782608695, 12.0 ], [ -59.347826086956523, 12.0 ], [ -59.565217391304344, 12.0 ], [ -59.782608695652172, 12.0 ], [ -60.0, 12.0 ], [ -60.217391304347828, 12.0 ], [ -60.434782608695656, 12.0 ], [ -60.652173913043477, 12.0 ], [ -60.869565217391305, 12.0 ], [ -61.086956521739133, 12.0 ], [ -61.304347826086953, 12.0 ], [ -61.521739130434781, 12.0 ], [ -61.739130434782609, 12.0 ], [ -61.956521739130437, 12.0 ], [ -62.173913043478265, 12.0 ], [ -62.391304347826086, 12.0 ], [ -62.608695652173914, 12.0 ], [ -62.826086956521742, 12.0 ], [ -63.043478260869563, 12.0 ], [ -63.260869565217391, 12.0 ], [ -63.478260869565219, 12.0 ], [ -63.695652173913047, 12.0 ], [ -63.913043478260867, 12.0 ], [ -64.130434782608688, 12.0 ], [ -64.347826086956516, 12.0 ], [ -64.565217391304344, 12.0 ], [ -64.782608695652172, 12.0 ], [ -65.0, 12.0 ], [ -65.217391304347828, 12.0 ], [ -65.434782608695656, 12.0 ], [ -65.652173913043484, 12.0 ], [ -65.869565217391312, 12.0 ], [ -66.086956521739125, 12.0 ], [ -66.304347826086953, 12.0 ], [ -66.521739130434781, 12.0 ], [ -66.739130434782609, 12.0 ], [ -66.956521739130437, 12.0 ], [ -67.173913043478265, 12.0 ], [ -67.391304347826093, 12.0 ], [ -67.608695652173907, 12.0 ], [ -67.826086956521735, 12.0 ], [ -68.043478260869563, 12.0 ], [ -68.260869565217391, 12.0 ], [ -68.478260869565219, 12.0 ], [ -68.695652173913047, 12.0 ], [ -68.913043478260875, 12.0 ], [ -69.130434782608688, 12.0 ], [ -69.347826086956516, 12.0 ], [ -69.565217391304344, 12.0 ], [ -69.782608695652172, 12.0 ], [ -70.0, 12.0 ], [ -70.217391304347828, 12.0 ], [ -70.434782608695656, 12.0 ], [ -70.652173913043484, 12.0 ], [ -70.869565217391312, 12.0 ], [ -71.086956521739125, 12.0 ], [ -71.304347826086953, 12.0 ], [ -71.521739130434781, 12.0 ], [ -71.739130434782609, 12.0 ], [ -71.956521739130437, 12.0 ], [ -72.173913043478265, 12.0 ], [ -72.391304347826093, 12.0 ], [ -72.608695652173907, 12.0 ], [ -72.826086956521735, 12.0 ], [ -73.043478260869563, 12.0 ], [ -73.260869565217391, 12.0 ], [ -73.478260869565219, 12.0 ], [ -73.695652173913047, 12.0 ], [ -73.913043478260875, 12.0 ], [ -74.130434782608688, 12.0 ], [ -74.347826086956516, 12.0 ], [ -74.565217391304344, 12.0 ], [ -74.782608695652172, 12.0 ], [ -75.0, 12.0 ] ] ] ] } },
{ "type": "Feature", "properties": { "ID": "ID1", "name": "Midway-Hawaiian_Islands", "layer": "small-islands_v2", "path": "\/media\/maialen\/work\/WORK\/GIT\/ATLAS\/reference-regions\/small-islands.geojson" }, "geometry": { "type": "MultiPolygon", "coordinates": [ [ [ [ -180.0, 17.5 ], [ -180.0, 17.71551724137931 ], [ -180.0, 17.931034482758619 ], [ -180.0, 18.146551724137929 ], [ -180.0, 18.362068965517242 ], [ -180.0, 18.577586206896552 ], [ -180.0, 18.793103448275861 ], [ -180.0, 19.008620689655174 ], [ -180.0, 19.224137931034484 ], [ -180.0, 19.439655172413794 ], [ -180.0, 19.655172413793103 ], [ -180.0, 19.870689655172413 ], [ -180.0, 20.086206896551722 ], [ -180.0, 20.301724137931032 ], [ -180.0, 20.517241379310345 ], [ -180.0, 20.732758620689655 ], [ -180.0, 20.948275862068964 ], [ -180.0, 21.163793103448278 ], [ -180.0, 21.379310344827587 ], [ -180.0, 21.594827586206897 ], [ -180.0, 21.810344827586206 ], [ -180.0, 22.025862068965516 ], [ -180.0, 22.241379310344826 ], [ -180.0, 22.456896551724135 ], [ -180.0, 22.672413793103448 ], [ -180.0, 22.887931034482758 ], [ -180.0, 23.103448275862068 ], [ -180.0, 23.318965517241381 ], [ -180.0, 23.53448275862069 ], [ -180.0, 23.75 ], [ -180.0, 23.96551724137931 ], [ -180.0, 24.181034482758619 ], [ -180.0, 24.396551724137929 ], [ -180.0, 24.612068965517238 ], [ -180.0, 24.827586206896552 ], [ -180.0, 25.043103448275861 ], [ -180.0, 25.258620689655171 ], [ -180.0, 25.474137931034484 ], [ -180.0, 25.689655172413794 ], [ -180.0, 25.905172413793103 ], [ -180.0, 26.120689655172413 ], [ -180.0, 26.336206896551722 ], [ -180.0, 26.551724137931032 ], [ -180.0, 26.767241379310342 ], [ -180.0, 26.982758620689655 ], [ -180.0, 27.198275862068968 ], [ -180.0, 27.413793103448278 ], [ -180.0, 27.629310344827587 ], [ -180.0, 27.844827586206897 ], [ -180.0, 28.060344827586206 ], [ -180.0, 28.275862068965516 ], [ -180.0, 28.491379310344826 ], [ -180.0, 28.706896551724135 ], [ -180.0, 28.922413793103445 ], [ -180.0, 29.137931034482758 ], [ -180.0, 29.353448275862071 ], [ -180.0, 29.568965517241381 ], [ -180.0, 29.78448275862069 ], [ -180.0, 30.0 ], [ -179.781746031746025, 30.0 ], [ -179.563492063492077, 30.0 ], [ -179.345238095238102, 30.0 ], [ -179.126984126984127, 30.0 ], [ -178.908730158730179, 30.0 ], [ -178.690476190476204, 30.0 ], [ -178.472222222222229, 30.0 ], [ -178.253968253968253, 30.0 ], [ -178.035714285714278, 30.0 ], [ -177.817460317460331, 30.0 ], [ -177.599206349206355, 30.0 ], [ -177.38095238095238, 30.0 ], [ -177.162698412698433, 30.0 ], [ -176.944444444444457, 30.0 ], [ -176.726190476190482, 30.0 ], [ -176.507936507936506, 30.0 ], [ -176.289682539682531, 30.0 ], [ -176.071428571428584, 30.0 ], [ -175.853174603174608, 30.0 ], [ -175.634920634920633, 30.0 ], [ -175.416666666666686, 30.0 ], [ -175.19841269841271, 30.0 ], [ -174.980158730158735, 30.0 ], [ -174.761904761904759, 30.0 ], [ -174.543650793650784, 30.0 ], [ -174.325396825396837, 30.0 ], [ -174.107142857142861, 30.0 ], [ -173.888888888888886, 30.0 ], [ -173.670634920634939, 30.0 ], [ -173.452380952380963, 30.0 ], [ -173.234126984126988, 30.0 ], [ -173.015873015873012, 30.0 ], [ -172.797619047619037, 30.0 ], [ -172.57936507936509, 30.0 ], [ -172.361111111111114, 30.0 ], [ -172.142857142857139, 30.0 ], [ -171.924603174603192, 30.0 ], [ -171.706349206349216, 30.0 ], [ -171.488095238095241, 30.0 ], [ -171.269841269841265, 30.0 ], [ -171.05158730158729, 30.0 ], [ -170.833333333333343, 30.0 ], [ -170.615079365079367, 30.0 ], [ -170.396825396825392, 30.0 ], [ -170.178571428571445, 30.0 ], [ -169.960317460317469, 30.0 ], [ -169.742063492063494, 30.0 ], [ -169.523809523809518, 30.0 ], [ -169.305555555555543, 30.0 ], [ -169.087301587301596, 30.0 ], [ -168.86904761904762, 30.0 ], [ -168.650793650793645, 30.0 ], [ -168.432539682539698, 30.0 ], [ -168.214285714285722, 30.0 ], [ -167.996031746031747, 30.0 ], [ -167.777777777777771, 30.0 ], [ -167.559523809523796, 30.0 ], [ -167.341269841269849, 30.0 ], [ -167.123015873015873, 30.0 ], [ -166.904761904761898, 30.0 ], [ -166.686507936507951, 30.0 ], [ -166.468253968253975, 30.0 ], [ -166.25, 30.0 ], [ -166.031746031746025, 30.0 ], [ -165.813492063492049, 30.0 ], [ -165.595238095238102, 30.0 ], [ -165.376984126984127, 30.0 ], [ -165.158730158730151, 30.0 ], [ -164.940476190476204, 30.0 ], [ -164.722222222222229, 30.0 ], [ -164.503968253968253, 30.0 ], [ -164.285714285714278, 30.0 ], [ -164.067460317460302, 30.0 ], [ -163.849206349206355, 30.0 ], [ -163.63095238095238, 30.0 ], [ -163.412698412698404, 30.0 ], [ -163.194444444444457, 30.0 ], [ -162.976190476190482, 30.0 ], [ -162.757936507936506, 30.0 ], [ -162.539682539682531, 30.0 ], [ -162.321428571428555, 30.0 ], [ -162.103174603174608, 30.0 ], [ -161.884920634920633, 30.0 ], [ -161.666666666666657, 30.0 ], [ -161.44841269841271, 30.0 ], [ -161.230158730158735, 30.0 ], [ -161.011904761904759, 30.0 ], [ -160.793650793650784, 30.0 ], [ -160.575396825396808, 30.0 ], [ -160.357142857142861, 30.0 ], [ -160.138888888888886, 30.0 ], [ -159.92063492063491, 30.0 ], [ -159.702380952380963, 30.0 ], [ -159.484126984126988, 30.0 ], [ -159.265873015873012, 30.0 ], [ -159.047619047619037, 30.0 ], [ -158.829365079365061, 30.0 ], [ -158.611111111111114, 30.0 ], [ -158.392857142857139, 30.0 ], [ -158.174603174603163, 30.0 ], [ -157.956349206349216, 30.0 ], [ -157.738095238095241, 30.0 ], [ -157.519841269841265, 30.0 ], [ -157.30158730158729, 30.0 ], [ -157.083333333333314, 30.0 ], [ -156.865079365079367, 30.0 ], [ -156.646825396825392, 30.0 ], [ -156.428571428571416, 30.0 ], [ -156.210317460317469, 30.0 ], [ -155.992063492063494, 30.0 ], [ -155.773809523809518, 30.0 ], [ -155.555555555555543, 30.0 ], [ -155.337301587301567, 30.0 ], [ -155.11904761904762, 30.0 ], [ -154.900793650793673, 30.0 ], [ -154.682539682539698, 30.0 ], [ -154.464285714285722, 30.0 ], [ -154.246031746031747, 30.0 ], [ -154.027777777777771, 30.0 ], [ -153.809523809523796, 30.0 ], [ -153.591269841269821, 30.0 ], [ -153.373015873015873, 30.0 ], [ -153.154761904761926, 30.0 ], [ -152.936507936507951, 30.0 ], [ -152.718253968253975, 30.0 ], [ -152.5, 30.0 ], [ -152.5, 29.78448275862069 ], [ -152.5, 29.568965517241381 ], [ -152.5, 29.353448275862071 ], [ -152.5, 29.137931034482758 ], [ -152.5, 28.922413793103448 ], [ -152.5, 28.706896551724139 ], [ -152.5, 28.491379310344826 ], [ -152.5, 28.275862068965516 ], [ -152.5, 28.060344827586206 ], [ -152.5, 27.844827586206897 ], [ -152.5, 27.629310344827587 ], [ -152.5, 27.413793103448278 ], [ -152.5, 27.198275862068968 ], [ -152.5, 26.982758620689655 ], [ -152.5, 26.767241379310345 ], [ -152.5, 26.551724137931036 ], [ -152.5, 26.336206896551722 ], [ -152.5, 26.120689655172413 ], [ -152.5, 25.905172413793103 ], [ -152.5, 25.689655172413794 ], [ -152.5, 25.474137931034484 ], [ -152.5, 25.258620689655174 ], [ -152.5, 25.043103448275865 ], [ -152.5, 24.827586206896552 ], [ -152.5, 24.612068965517242 ], [ -152.5, 24.396551724137932 ], [ -152.5, 24.181034482758619 ], [ -152.5, 23.96551724137931 ], [ -152.5, 23.75 ], [ -152.5, 23.53448275862069 ], [ -152.5, 23.318965517241381 ], [ -152.5, 23.103448275862071 ], [ -152.5, 22.887931034482762 ], [ -152.5, 22.672413793103448 ], [ -152.5, 22.456896551724139 ], [ -152.5, 22.241379310344829 ], [ -152.5, 22.025862068965516 ], [ -152.5, 21.810344827586206 ], [ -152.5, 21.594827586206897 ], [ -152.5, 21.379310344827587 ], [ -152.5, 21.163793103448278 ], [ -152.5, 20.948275862068968 ], [ -152.5, 20.732758620689658 ], [ -152.5, 20.517241379310345 ], [ -152.5, 20.301724137931032 ], [ -152.5, 20.086206896551722 ], [ -152.5, 19.870689655172413 ], [ -152.5, 19.655172413793103 ], [ -152.5, 19.439655172413794 ], [ -152.5, 19.224137931034484 ], [ -152.5, 19.008620689655174 ], [ -152.5, 18.793103448275865 ], [ -152.5, 18.577586206896555 ], [ -152.5, 18.362068965517242 ], [ -152.5, 18.146551724137929 ], [ -152.5, 17.931034482758619 ], [ -152.5, 17.71551724137931 ], [ -152.5, 17.5 ], [ -152.718253968253975, 17.5 ], [ -152.936507936507923, 17.5 ], [ -153.154761904761898, 17.5 ], [ -153.373015873015873, 17.5 ], [ -153.591269841269821, 17.5 ], [ -153.809523809523796, 17.5 ], [ -154.027777777777771, 17.5 ], [ -154.246031746031747, 17.5 ], [ -154.464285714285722, 17.5 ], [ -154.682539682539669, 17.5 ], [ -154.900793650793645, 17.5 ], [ -155.11904761904762, 17.5 ], [ -155.337301587301567, 17.5 ], [ -155.555555555555543, 17.5 ], [ -155.773809523809518, 17.5 ], [ -155.992063492063494, 17.5 ], [ -156.210317460317469, 17.5 ], [ -156.428571428571416, 17.5 ], [ -156.646825396825392, 17.5 ], [ -156.865079365079367, 17.5 ], [ -157.083333333333314, 17.5 ], [ -157.30158730158729, 17.5 ], [ -157.519841269841265, 17.5 ], [ -157.738095238095241, 17.5 ], [ -157.956349206349216, 17.5 ], [ -158.174603174603163, 17.5 ], [ -158.392857142857139, 17.5 ], [ -158.611111111111114, 17.5 ], [ -158.829365079365061, 17.5 ], [ -159.047619047619037, 17.5 ], [ -159.265873015873012, 17.5 ], [ -159.484126984126988, 17.5 ], [ -159.702380952380963, 17.5 ], [ -159.92063492063491, 17.5 ], [ -160.138888888888886, 17.5 ], [ -160.357142857142861, 17.5 ], [ -160.575396825396808, 17.5 ], [ -160.793650793650784, 17.5 ], [ -161.011904761904759, 17.5 ], [ -161.230158730158735, 17.5 ], [ -161.44841269841271, 17.5 ], [ -161.666666666666657, 17.5 ], [ -161.884920634920633, 17.5 ], [ -162.103174603174608, 17.5 ], [ -162.321428571428555, 17.5 ], [ -162.539682539682531, 17.5 ], [ -162.757936507936506, 17.5 ], [ -162.976190476190482, 17.5 ], [ -163.194444444444457, 17.5 ], [ -163.412698412698404, 17.5 ], [ -163.63095238095238, 17.5 ], [ -163.849206349206355, 17.5 ], [ -164.067460317460302, 17.5 ], [ -164.285714285714278, 17.5 ], [ -164.503968253968253, 17.5 ], [ -164.722222222222229, 17.5 ], [ -164.940476190476204, 17.5 ], [ -165.158730158730151, 17.5 ], [ -165.376984126984127, 17.5 ], [ -165.595238095238102, 17.5 ], [ -165.813492063492049, 17.5 ], [ -166.031746031746025, 17.5 ], [ -166.25, 17.5 ], [ -166.468253968253975, 17.5 ], [ -166.686507936507951, 17.5 ], [ -166.904761904761898, 17.5 ], [ -167.123015873015873, 17.5 ], [ -167.341269841269849, 17.5 ], [ -167.559523809523796, 17.5 ], [ -167.777777777777771, 17.5 ], [ -167.996031746031747, 17.5 ], [ -168.214285714285722, 17.5 ], [ -168.432539682539698, 17.5 ], [ -168.650793650793645, 17.5 ], [ -168.86904761904762, 17.5 ], [ -169.087301587301596, 17.5 ], [ -169.305555555555543, 17.5 ], [ -169.523809523809518, 17.5 ], [ -169.742063492063494, 17.5 ], [ -169.960317460317469, 17.5 ], [ -170.178571428571445, 17.5 ], [ -170.396825396825392, 17.5 ], [ -170.615079365079367, 17.5 ], [ -170.833333333333343, 17.5 ], [ -171.05158730158729, 17.5 ], [ -171.269841269841265, 17.5 ], [ -171.488095238095241, 17.5 ], [ -171.706349206349216, 17.5 ], [ -171.924603174603192, 17.5 ], [ -172.142857142857139, 17.5 ], [ -172.361111111111114, 17.5 ], [ -172.57936507936509, 17.5 ], [ -172.797619047619037, 17.5 ], [ -173.015873015873012, 17.5 ], [ -173.234126984126988, 17.5 ], [ -173.452380952380963, 17.5 ], [ -173.670634920634939, 17.5 ], [ -173.888888888888886, 17.5 ], [ -174.107142857142861, 17.5 ], [ -174.325396825396837, 17.5 ], [ -174.543650793650784, 17.5 ], [ -174.761904761904759, 17.5 ], [ -174.980158730158735, 17.5 ], [ -175.19841269841271, 17.5 ], [ -175.416666666666686, 17.5 ], [ -175.634920634920633, 17.5 ], [ -175.853174603174608, 17.5 ], [ -176.071428571428584, 17.5 ], [ -176.289682539682531, 17.5 ], [ -176.507936507936506, 17.5 ], [ -176.726190476190482, 17.5 ], [ -176.944444444444457, 17.5 ], [ -177.162698412698433, 17.5 ], [ -177.38095238095238, 17.5 ], [ -177.599206349206327, 17.5 ], [ -177.817460317460302, 17.5 ], [ -178.035714285714278, 17.5 ], [ -178.253968253968253, 17.5 ], [ -178.472222222222229, 17.5 ], [ -178.690476190476204, 17.5 ], [ -178.908730158730179, 17.5 ], [ -179.126984126984127, 17.5 ], [ -179.345238095238074, 17.5 ], [ -179.563492063492049, 17.5 ], [ -179.781746031746025, 17.5 ], [ -180.0, 17.5 ] ] ] ] } },
{ "type": "Feature", "properties": { "ID": "ID2", "name": "Northwest_tropics", "layer": "small-islands_v2", "path": "\/media\/maialen\/work\/WORK\/GIT\/ATLAS\/reference-regions\/small-islands.geojson" }, "geometry": { "type": "MultiPolygon", "coordinates": [ [ [ [ 130.0, 5.0 ], [ 130.0, 5.214285714285714 ], [ 130.0, 5.428571428571429 ], [ 130.0, 5.642857142857142 ], [ 130.0, 5.857142857142857 ], [ 130.0, 6.071428571428571 ], [ 130.0, 6.285714285714286 ], [ 130.0, 6.5 ], [ 130.0, 6.714285714285714 ], [ 130.0, 6.928571428571429 ], [ 130.0, 7.142857142857142 ], [ 130.0, 7.357142857142857 ], [ 130.0, 7.571428571428571 ], [ 130.0, 7.785714285714286 ], [ 130.0, 8.0 ], [ 130.0, 8.214285714285715 ], [ 130.0, 8.428571428571429 ], [ 130.0, 8.642857142857142 ], [ 130.0, 8.857142857142858 ], [ 130.0, 9.071428571428571 ], [ 130.0, 9.285714285714285 ], [ 130.0, 9.5 ], [ 130.0, 9.714285714285715 ], [ 130.0, 9.928571428571429 ], [ 130.0, 10.142857142857142 ], [ 130.0, 10.357142857142858 ], [ 130.0, 10.571428571428571 ], [ 130.0, 10.785714285714285 ], [ 130.0, 11.0 ], [ 130.0, 11.214285714285714 ], [ 130.0, 11.428571428571427 ], [ 130.0, 11.642857142857142 ], [ 130.0, 11.857142857142858 ], [ 130.0, 12.071428571428571 ], [ 130.0, 12.285714285714285 ], [ 130.0, 12.5 ], [ 130.0, 12.714285714285714 ], [ 130.0, 12.928571428571427 ], [ 130.0, 13.142857142857142 ], [ 130.0, 13.357142857142858 ], [ 130.0, 13.571428571428571 ], [ 130.0, 13.785714285714285 ], [ 130.0, 14.0 ], [ 130.0, 14.214285714285715 ], [ 130.0, 14.428571428571429 ], [ 130.0, 14.642857142857142 ], [ 130.0, 14.857142857142856 ], [ 130.0, 15.071428571428569 ], [ 130.0, 15.285714285714285 ], [ 130.0, 15.5 ], [ 130.0, 15.714285714285714 ], [ 130.0, 15.928571428571427 ], [ 130.0, 16.142857142857142 ], [ 130.0, 16.357142857142854 ], [ 130.0, 16.571428571428569 ], [ 130.0, 16.785714285714285 ], [ 130.0, 17.0 ], [ 130.0, 17.214285714285715 ], [ 130.0, 17.428571428571427 ], [ 130.0, 17.642857142857139 ], [ 130.0, 17.857142857142854 ], [ 130.0, 18.071428571428569 ], [ 130.0, 18.285714285714285 ], [ 130.0, 18.5 ], [ 130.0, 18.714285714285715 ], [ 130.0, 18.928571428571431 ], [ 130.0, 19.142857142857142 ], [ 130.0, 19.357142857142854 ], [ 130.0, 19.571428571428569 ], [ 130.0, 19.785714285714285 ], [ 130.0, 20.0 ], [ 130.218446601941764, 20.0 ], [ 130.4368932038835, 20.0 ], [ 130.655339805825236, 20.0 ], [ 130.873786407767, 20.0 ], [ 131.092233009708735, 20.0 ], [ 131.310679611650471, 20.0 ], [ 131.529126213592235, 20.0 ], [ 131.747572815533971, 20.0 ], [ 131.966019417475707, 20.0 ], [ 132.184466019417471, 20.0 ], [ 132.402912621359235, 20.0 ], [ 132.621359223300971, 20.0 ], [ 132.839805825242706, 20.0 ], [ 133.05825242718447, 20.0 ], [ 133.276699029126235, 20.0 ], [ 133.49514563106797, 20.0 ], [ 133.713592233009706, 20.0 ], [ 133.93203883495147, 20.0 ], [ 134.150485436893206, 20.0 ], [ 134.368932038834942, 20.0 ], [ 134.587378640776706, 20.0 ], [ 134.805825242718441, 20.0 ], [ 135.024271844660177, 20.0 ], [ 135.242718446601941, 20.0 ], [ 135.461165048543705, 20.0 ], [ 135.679611650485441, 20.0 ], [ 135.898058252427177, 20.0 ], [ 136.116504854368941, 20.0 ], [ 136.334951456310677, 20.0 ], [ 136.553398058252412, 20.0 ], [ 136.771844660194176, 20.0 ], [ 136.990291262135912, 20.0 ], [ 137.208737864077648, 20.0 ], [ 137.427184466019412, 20.0 ], [ 137.645631067961176, 20.0 ], [ 137.864077669902912, 20.0 ], [ 138.082524271844648, 20.0 ], [ 138.300970873786412, 20.0 ], [ 138.519417475728176, 20.0 ], [ 138.737864077669911, 20.0 ], [ 138.956310679611647, 20.0 ], [ 139.174757281553411, 20.0 ], [ 139.393203883495147, 20.0 ], [ 139.611650485436883, 20.0 ], [ 139.830097087378647, 20.0 ], [ 140.048543689320383, 20.0 ], [ 140.266990291262118, 20.0 ], [ 140.485436893203882, 20.0 ], [ 140.703883495145647, 20.0 ], [ 140.922330097087382, 20.0 ], [ 141.140776699029118, 20.0 ], [ 141.359223300970882, 20.0 ], [ 141.577669902912618, 20.0 ], [ 141.796116504854353, 20.0 ], [ 142.014563106796118, 20.0 ], [ 142.233009708737853, 20.0 ], [ 142.451456310679589, 20.0 ], [ 142.669902912621353, 20.0 ], [ 142.888349514563117, 20.0 ], [ 143.106796116504853, 20.0 ], [ 143.325242718446589, 20.0 ], [ 143.543689320388353, 20.0 ], [ 143.762135922330117, 20.0 ], [ 143.980582524271853, 20.0 ], [ 144.199029126213588, 20.0 ], [ 144.417475728155352, 20.0 ], [ 144.635922330097088, 20.0 ], [ 144.854368932038824, 20.0 ], [ 145.072815533980588, 20.0 ], [ 145.291262135922324, 20.0 ], [ 145.509708737864059, 20.0 ], [ 145.728155339805824, 20.0 ], [ 145.946601941747588, 20.0 ], [ 146.165048543689323, 20.0 ], [ 146.383495145631059, 20.0 ], [ 146.601941747572823, 20.0 ], [ 146.820388349514559, 20.0 ], [ 147.038834951456295, 20.0 ], [ 147.257281553398059, 20.0 ], [ 147.475728155339795, 20.0 ], [ 147.69417475728153, 20.0 ], [ 147.912621359223294, 20.0 ], [ 148.131067961165058, 20.0 ], [ 148.349514563106794, 20.0 ], [ 148.56796116504853, 20.0 ], [ 148.786407766990294, 20.0 ], [ 149.004854368932058, 20.0 ], [ 149.223300970873794, 20.0 ], [ 149.44174757281553, 20.0 ], [ 149.660194174757294, 20.0 ], [ 149.878640776699029, 20.0 ], [ 150.097087378640765, 20.0 ], [ 150.315533980582529, 20.0 ], [ 150.533980582524265, 20.0 ], [ 150.752427184466001, 20.0 ], [ 150.970873786407765, 20.0 ], [ 151.189320388349529, 20.0 ], [ 151.407766990291265, 20.0 ], [ 151.626213592233, 20.0 ], [ 151.844660194174764, 20.0 ], [ 152.0631067961165, 20.0 ], [ 152.281553398058236, 20.0 ], [ 152.5, 20.0 ], [ 152.718446601941736, 20.0 ], [ 152.936893203883471, 20.0 ], [ 153.155339805825236, 20.0 ], [ 153.373786407767, 20.0 ], [ 153.592233009708735, 20.0 ], [ 153.810679611650471, 20.0 ], [ 154.029126213592235, 20.0 ], [ 154.247572815533999, 20.0 ], [ 154.466019417475735, 20.0 ], [ 154.684466019417471, 20.0 ], [ 154.902912621359235, 20.0 ], [ 155.121359223300971, 20.0 ], [ 155.339805825242706, 20.0 ], [ 155.55825242718447, 20.0 ], [ 155.776699029126206, 20.0 ], [ 155.995145631067942, 20.0 ], [ 156.213592233009706, 20.0 ], [ 156.43203883495147, 20.0 ], [ 156.650485436893206, 20.0 ], [ 156.868932038834942, 20.0 ], [ 157.087378640776706, 20.0 ], [ 157.305825242718441, 20.0 ], [ 157.524271844660177, 20.0 ], [ 157.742718446601941, 20.0 ], [ 157.961165048543677, 20.0 ], [ 158.179611650485413, 20.0 ], [ 158.398058252427177, 20.0 ], [ 158.616504854368941, 20.0 ], [ 158.834951456310677, 20.0 ], [ 159.053398058252412, 20.0 ], [ 159.271844660194176, 20.0 ], [ 159.490291262135941, 20.0 ], [ 159.708737864077676, 20.0 ], [ 159.927184466019412, 20.0 ], [ 160.145631067961176, 20.0 ], [ 160.364077669902912, 20.0 ], [ 160.582524271844648, 20.0 ], [ 160.800970873786412, 20.0 ], [ 161.019417475728147, 20.0 ], [ 161.237864077669883, 20.0 ], [ 161.456310679611647, 20.0 ], [ 161.674757281553411, 20.0 ], [ 161.893203883495147, 20.0 ], [ 162.111650485436883, 20.0 ], [ 162.330097087378647, 20.0 ], [ 162.548543689320383, 20.0 ], [ 162.766990291262118, 20.0 ], [ 162.985436893203882, 20.0 ], [ 163.203883495145647, 20.0 ], [ 163.422330097087382, 20.0 ], [ 163.640776699029118, 20.0 ], [ 163.859223300970882, 20.0 ], [ 164.077669902912618, 20.0 ], [ 164.296116504854353, 20.0 ], [ 164.514563106796118, 20.0 ], [ 164.733009708737882, 20.0 ], [ 164.951456310679617, 20.0 ], [ 165.169902912621353, 20.0 ], [ 165.388349514563117, 20.0 ], [ 165.606796116504853, 20.0 ], [ 165.825242718446589, 20.0 ], [ 166.043689320388353, 20.0 ], [ 166.262135922330089, 20.0 ], [ 166.480582524271824, 20.0 ], [ 166.699029126213588, 20.0 ], [ 166.917475728155352, 20.0 ], [ 167.135922330097088, 20.0 ], [ 167.354368932038824, 20.0 ], [ 167.572815533980588, 20.0 ], [ 167.791262135922324, 20.0 ], [ 168.009708737864059, 20.0 ], [ 168.228155339805824, 20.0 ], [ 168.446601941747588, 20.0 ], [ 168.665048543689323, 20.0 ], [ 168.883495145631059, 20.0 ], [ 169.101941747572823, 20.0 ], [ 169.320388349514559, 20.0 ], [ 169.538834951456295, 20.0 ], [ 169.757281553398059, 20.0 ], [ 169.975728155339823, 20.0 ], [ 170.194174757281559, 20.0 ], [ 170.412621359223294, 20.0 ], [ 170.631067961165058, 20.0 ], [ 170.849514563106794, 20.0 ], [ 171.06796116504853, 20.0 ], [ 171.286407766990294, 20.0 ], [ 171.50485436893203, 20.0 ], [ 171.723300970873765, 20.0 ], [ 171.94174757281553, 20.0 ], [ 172.160194174757294, 20.0 ], [ 172.378640776699029, 20.0 ], [ 172.597087378640765, 20.0 ], [ 172.815533980582529, 20.0 ], [ 173.033980582524265, 20.0 ], [ 173.252427184466001, 20.0 ], [ 173.470873786407765, 20.0 ], [ 173.689320388349529, 20.0 ], [ 173.907766990291265, 20.0 ], [ 174.126213592233, 20.0 ], [ 174.344660194174764, 20.0 ], [ 174.5631067961165, 20.0 ], [ 174.781553398058236, 20.0 ], [ 175.0, 20.0 ], [ 175.0, 19.785714285714285 ], [ 175.0, 19.571428571428573 ], [ 175.0, 19.357142857142858 ], [ 175.0, 19.142857142857142 ], [ 175.0, 18.928571428571431 ], [ 175.0, 18.714285714285715 ], [ 175.0, 18.5 ], [ 175.0, 18.285714285714285 ], [ 175.0, 18.071428571428569 ], [ 175.0, 17.857142857142858 ], [ 175.0, 17.642857142857146 ], [ 175.0, 17.428571428571431 ], [ 175.0, 17.214285714285715 ], [ 175.0, 17.0 ], [ 175.0, 16.785714285714285 ], [ 175.0, 16.571428571428573 ], [ 175.0, 16.357142857142858 ], [ 175.0, 16.142857142857142 ], [ 175.0, 15.928571428571429 ], [ 175.0, 15.714285714285715 ], [ 175.0, 15.5 ], [ 175.0, 15.285714285714285 ], [ 175.0, 15.071428571428571 ], [ 175.0, 14.857142857142858 ], [ 175.0, 14.642857142857142 ], [ 175.0, 14.428571428571429 ], [ 175.0, 14.214285714285715 ], [ 175.0, 14.0 ], [ 175.0, 13.785714285714286 ], [ 175.0, 13.571428571428573 ], [ 175.0, 13.357142857142858 ], [ 175.0, 13.142857142857142 ], [ 175.0, 12.928571428571429 ], [ 175.0, 12.714285714285715 ], [ 175.0, 12.5 ], [ 175.0, 12.285714285714286 ], [ 175.0, 12.071428571428573 ], [ 175.0, 11.857142857142858 ], [ 175.0, 11.642857142857142 ], [ 175.0, 11.428571428571429 ], [ 175.0, 11.214285714285715 ], [ 175.0, 11.0 ], [ 175.0, 10.785714285714285 ], [ 175.0, 10.571428571428571 ], [ 175.0, 10.357142857142858 ], [ 175.0, 10.142857142857144 ], [ 175.0, 9.928571428571431 ], [ 175.0, 9.714285714285715 ], [ 175.0, 9.5 ], [ 175.0, 9.285714285714286 ], [ 175.0, 9.071428571428573 ], [ 175.0, 8.857142857142858 ], [ 175.0, 8.642857142857142 ], [ 175.0, 8.428571428571429 ], [ 175.0, 8.214285714285715 ], [ 175.0, 8.0 ], [ 175.0, 7.785714285714286 ], [ 175.0, 7.571428571428573 ], [ 175.0, 7.357142857142859 ], [ 175.0, 7.142857142857144 ], [ 175.0, 6.92857142857143 ], [ 175.0, 6.714285714285715 ], [ 175.0, 6.5 ], [ 175.0, 6.285714285714286 ], [ 175.0, 6.071428571428571 ], [ 175.0, 5.857142857142858 ], [ 175.0, 5.642857142857143 ], [ 175.0, 5.428571428571429 ], [ 175.0, 5.214285714285714 ], [ 175.0, 5.0 ], [ 174.781553398058236, 5.0 ], [ 174.5631067961165, 5.0 ], [ 174.344660194174764, 5.0 ], [ 174.126213592233, 5.0 ], [ 173.907766990291265, 5.0 ], [ 173.689320388349529, 5.0 ], [ 173.470873786407765, 5.0 ], [ 173.252427184466029, 5.0 ], [ 173.033980582524293, 5.0 ], [ 172.815533980582529, 5.0 ], [ 172.597087378640765, 5.0 ], [ 172.378640776699029, 5.0 ], [ 172.160194174757294, 5.0 ], [ 171.94174757281553, 5.0 ], [ 171.723300970873765, 5.0 ], [ 171.50485436893203, 5.0 ], [ 171.286407766990294, 5.0 ], [ 171.06796116504853, 5.0 ], [ 170.849514563106794, 5.0 ], [ 170.631067961165058, 5.0 ], [ 170.412621359223294, 5.0 ], [ 170.194174757281559, 5.0 ], [ 169.975728155339823, 5.0 ], [ 169.757281553398059, 5.0 ], [ 169.538834951456295, 5.0 ], [ 169.320388349514559, 5.0 ], [ 169.101941747572823, 5.0 ], [ 168.883495145631059, 5.0 ], [ 168.665048543689323, 5.0 ], [ 168.446601941747588, 5.0 ], [ 168.228155339805824, 5.0 ], [ 168.009708737864088, 5.0 ], [ 167.791262135922352, 5.0 ], [ 167.572815533980588, 5.0 ], [ 167.354368932038824, 5.0 ], [ 167.135922330097088, 5.0 ], [ 166.917475728155352, 5.0 ], [ 166.699029126213588, 5.0 ], [ 166.480582524271824, 5.0 ], [ 166.262135922330089, 5.0 ], [ 166.043689320388353, 5.0 ], [ 165.825242718446589, 5.0 ], [ 165.606796116504853, 5.0 ], [ 165.388349514563117, 5.0 ], [ 165.169902912621353, 5.0 ], [ 164.951456310679617, 5.0 ], [ 164.733009708737882, 5.0 ], [ 164.514563106796118, 5.0 ], [ 164.296116504854353, 5.0 ], [ 164.077669902912618, 5.0 ], [ 163.859223300970882, 5.0 ], [ 163.640776699029118, 5.0 ], [ 163.422330097087382, 5.0 ], [ 163.203883495145647, 5.0 ], [ 162.985436893203882, 5.0 ], [ 162.766990291262147, 5.0 ], [ 162.548543689320411, 5.0 ], [ 162.330097087378647, 5.0 ], [ 162.111650485436883, 5.0 ], [ 161.893203883495147, 5.0 ], [ 161.674757281553411, 5.0 ], [ 161.456310679611647, 5.0 ], [ 161.237864077669883, 5.0 ], [ 161.019417475728147, 5.0 ], [ 160.800970873786412, 5.0 ], [ 160.582524271844648, 5.0 ], [ 160.364077669902912, 5.0 ], [ 160.145631067961176, 5.0 ], [ 159.927184466019412, 5.0 ], [ 159.708737864077676, 5.0 ], [ 159.490291262135941, 5.0 ], [ 159.271844660194176, 5.0 ], [ 159.053398058252412, 5.0 ], [ 158.834951456310677, 5.0 ], [ 158.616504854368941, 5.0 ], [ 158.398058252427177, 5.0 ], [ 158.179611650485441, 5.0 ], [ 157.961165048543705, 5.0 ], [ 157.742718446601941, 5.0 ], [ 157.524271844660205, 5.0 ], [ 157.30582524271847, 5.0 ], [ 157.087378640776706, 5.0 ], [ 156.868932038834942, 5.0 ], [ 156.650485436893206, 5.0 ], [ 156.43203883495147, 5.0 ], [ 156.213592233009706, 5.0 ], [ 155.995145631067942, 5.0 ], [ 155.776699029126206, 5.0 ], [ 155.55825242718447, 5.0 ], [ 155.339805825242706, 5.0 ], [ 155.121359223300971, 5.0 ], [ 154.902912621359235, 5.0 ], [ 154.684466019417471, 5.0 ], [ 154.466019417475735, 5.0 ], [ 154.247572815533999, 5.0 ], [ 154.029126213592235, 5.0 ], [ 153.810679611650471, 5.0 ], [ 153.592233009708735, 5.0 ], [ 153.373786407767, 5.0 ], [ 153.155339805825236, 5.0 ], [ 152.9368932038835, 5.0 ], [ 152.718446601941764, 5.0 ], [ 152.5, 5.0 ], [ 152.281553398058264, 5.0 ], [ 152.063106796116529, 5.0 ], [ 151.844660194174764, 5.0 ], [ 151.626213592233, 5.0 ], [ 151.407766990291265, 5.0 ], [ 151.189320388349529, 5.0 ], [ 150.970873786407765, 5.0 ], [ 150.752427184466001, 5.0 ], [ 150.533980582524265, 5.0 ], [ 150.315533980582529, 5.0 ], [ 150.097087378640765, 5.0 ], [ 149.878640776699029, 5.0 ], [ 149.660194174757294, 5.0 ], [ 149.44174757281553, 5.0 ], [ 149.223300970873794, 5.0 ], [ 149.004854368932058, 5.0 ], [ 148.786407766990294, 5.0 ], [ 148.56796116504853, 5.0 ], [ 148.349514563106794, 5.0 ], [ 148.131067961165058, 5.0 ], [ 147.912621359223294, 5.0 ], [ 147.694174757281559, 5.0 ], [ 147.475728155339823, 5.0 ], [ 147.257281553398059, 5.0 ], [ 147.038834951456323, 5.0 ], [ 146.820388349514587, 5.0 ], [ 146.601941747572823, 5.0 ], [ 146.383495145631059, 5.0 ], [ 146.165048543689323, 5.0 ], [ 145.946601941747588, 5.0 ], [ 145.728155339805824, 5.0 ], [ 145.509708737864059, 5.0 ], [ 145.291262135922324, 5.0 ], [ 145.072815533980588, 5.0 ], [ 144.854368932038824, 5.0 ], [ 144.635922330097088, 5.0 ], [ 144.417475728155352, 5.0 ], [ 144.199029126213588, 5.0 ], [ 143.980582524271853, 5.0 ], [ 143.762135922330117, 5.0 ], [ 143.543689320388353, 5.0 ], [ 143.325242718446589, 5.0 ], [ 143.106796116504853, 5.0 ], [ 142.888349514563117, 5.0 ], [ 142.669902912621353, 5.0 ], [ 142.451456310679617, 5.0 ], [ 142.233009708737882, 5.0 ], [ 142.014563106796118, 5.0 ], [ 141.796116504854353, 5.0 ], [ 141.577669902912618, 5.0 ], [ 141.359223300970882, 5.0 ], [ 141.140776699029118, 5.0 ], [ 140.922330097087382, 5.0 ], [ 140.703883495145647, 5.0 ], [ 140.485436893203882, 5.0 ], [ 140.266990291262118, 5.0 ], [ 140.048543689320383, 5.0 ], [ 139.830097087378647, 5.0 ], [ 139.611650485436883, 5.0 ], [ 139.393203883495147, 5.0 ], [ 139.174757281553411, 5.0 ], [ 138.956310679611647, 5.0 ], [ 138.737864077669911, 5.0 ], [ 138.519417475728176, 5.0 ], [ 138.300970873786412, 5.0 ], [ 138.082524271844648, 5.0 ], [ 137.864077669902912, 5.0 ], [ 137.645631067961176, 5.0 ], [ 137.427184466019412, 5.0 ], [ 137.208737864077676, 5.0 ], [ 136.990291262135941, 5.0 ], [ 136.771844660194176, 5.0 ], [ 136.553398058252412, 5.0 ], [ 136.334951456310677, 5.0 ], [ 136.116504854368941, 5.0 ], [ 135.898058252427177, 5.0 ], [ 135.679611650485441, 5.0 ], [ 135.461165048543705, 5.0 ], [ 135.242718446601941, 5.0 ], [ 135.024271844660177, 5.0 ], [ 134.805825242718441, 5.0 ], [ 134.587378640776706, 5.0 ], [ 134.368932038834942, 5.0 ], [ 134.150485436893206, 5.0 ], [ 133.93203883495147, 5.0 ], [ 133.713592233009706, 5.0 ], [ 133.49514563106797, 5.0 ], [ 133.276699029126235, 5.0 ], [ 133.05825242718447, 5.0 ], [ 132.839805825242706, 5.0 ], [ 132.621359223300971, 5.0 ], [ 132.402912621359235, 5.0 ], [ 132.184466019417471, 5.0 ], [ 131.966019417475735, 5.0 ], [ 131.747572815533999, 5.0 ], [ 131.529126213592235, 5.0 ], [ 131.310679611650471, 5.0 ], [ 131.092233009708735, 5.0 ], [ 130.873786407767, 5.0 ], [ 130.655339805825236, 5.0 ], [ 130.4368932038835, 5.0 ], [ 130.218446601941764, 5.0 ], [ 130.0, 5.0 ] ] ] ] } },
{ "type": "Feature", "properties": { "ID": "ID3", "name": "Equatorial_Pacific", "layer": "small-islands_v2", "path": "\/media\/maialen\/work\/WORK\/GIT\/ATLAS\/reference-regions\/small-islands.geojson" }, "geometry": { "type": "MultiPolygon", "coordinates": [ [ [ [ 130.0, -5.0 ], [ 130.0, -4.782608695652174 ], [ 130.0, -4.565217391304348 ], [ 130.0, -4.347826086956522 ], [ 130.0, -4.130434782608695 ], [ 130.0, -3.913043478260869 ], [ 130.0, -3.695652173913043 ], [ 130.0, -3.478260869565218 ], [ 130.0, -3.260869565217392 ], [ 130.0, -3.043478260869565 ], [ 130.0, -2.826086956521739 ], [ 130.0, -2.608695652173913 ], [ 130.0, -2.391304347826087 ], [ 130.0, -2.173913043478261 ], [ 130.0, -1.956521739130435 ], [ 130.0, -1.739130434782609 ], [ 130.0, -1.521739130434783 ], [ 130.0, -1.304347826086957 ], [ 130.0, -1.08695652173913 ], [ 130.0, -0.869565217391304 ], [ 130.0, -0.652173913043478 ], [ 130.0, -0.434782608695652 ], [ 130.0, -0.217391304347826 ], [ 130.0, 0.0 ], [ 130.0, 0.217391304347826 ], [ 130.0, 0.434782608695652 ], [ 130.0, 0.652173913043478 ], [ 130.0, 0.869565217391304 ], [ 130.0, 1.08695652173913 ], [ 130.0, 1.304347826086956 ], [ 130.0, 1.521739130434782 ], [ 130.0, 1.739130434782608 ], [ 130.0, 1.956521739130435 ], [ 130.0, 2.173913043478261 ], [ 130.0, 2.391304347826087 ], [ 130.0, 2.608695652173913 ], [ 130.0, 2.826086956521739 ], [ 130.0, 3.043478260869565 ], [ 130.0, 3.260869565217391 ], [ 130.0, 3.478260869565217 ], [ 130.0, 3.695652173913043 ], [ 130.0, 3.913043478260869 ], [ 130.0, 4.130434782608695 ], [ 130.0, 4.347826086956522 ], [ 130.0, 4.565217391304348 ], [ 130.0, 4.782608695652174 ], [ 130.0, 5.0 ], [ 130.219298245614027, 5.0 ], [ 130.438596491228083, 5.0 ], [ 130.65789473684211, 5.0 ], [ 130.877192982456137, 5.0 ], [ 131.096491228070192, 5.0 ], [ 131.31578947368422, 5.0 ], [ 131.535087719298247, 5.0 ], [ 131.754385964912274, 5.0 ], [ 131.973684210526301, 5.0 ], [ 132.192982456140356, 5.0 ], [ 132.412280701754383, 5.0 ], [ 132.631578947368411, 5.0 ], [ 132.850877192982466, 5.0 ], [ 133.070175438596493, 5.0 ], [ 133.28947368421052, 5.0 ], [ 133.508771929824547, 5.0 ], [ 133.728070175438575, 5.0 ], [ 133.94736842105263, 5.0 ], [ 134.166666666666686, 5.0 ], [ 134.385964912280713, 5.0 ], [ 134.60526315789474, 5.0 ], [ 134.824561403508767, 5.0 ], [ 135.043859649122794, 5.0 ], [ 135.26315789473685, 5.0 ], [ 135.482456140350877, 5.0 ], [ 135.701754385964904, 5.0 ], [ 135.921052631578959, 5.0 ], [ 136.140350877192986, 5.0 ], [ 136.359649122807014, 5.0 ], [ 136.578947368421041, 5.0 ], [ 136.798245614035068, 5.0 ], [ 137.017543859649123, 5.0 ], [ 137.236842105263179, 5.0 ], [ 137.456140350877206, 5.0 ], [ 137.675438596491233, 5.0 ], [ 137.89473684210526, 5.0 ], [ 138.114035087719287, 5.0 ], [ 138.333333333333343, 5.0 ], [ 138.55263157894737, 5.0 ], [ 138.771929824561397, 5.0 ], [ 138.991228070175453, 5.0 ], [ 139.21052631578948, 5.0 ], [ 139.429824561403507, 5.0 ], [ 139.649122807017534, 5.0 ], [ 139.868421052631561, 5.0 ], [ 140.087719298245617, 5.0 ], [ 140.307017543859644, 5.0 ], [ 140.526315789473671, 5.0 ], [ 140.745614035087726, 5.0 ], [ 140.964912280701753, 5.0 ], [ 141.18421052631578, 5.0 ], [ 141.403508771929836, 5.0 ], [ 141.622807017543863, 5.0 ], [ 141.84210526315789, 5.0 ], [ 142.061403508771946, 5.0 ], [ 142.280701754385973, 5.0 ], [ 142.5, 5.0 ], [ 142.719298245614027, 5.0 ], [ 142.938596491228054, 5.0 ], [ 143.15789473684211, 5.0 ], [ 143.377192982456137, 5.0 ], [ 143.596491228070164, 5.0 ], [ 143.81578947368422, 5.0 ], [ 144.035087719298247, 5.0 ], [ 144.254385964912274, 5.0 ], [ 144.473684210526301, 5.0 ], [ 144.692982456140328, 5.0 ], [ 144.912280701754383, 5.0 ], [ 145.131578947368439, 5.0 ], [ 145.350877192982466, 5.0 ], [ 145.570175438596493, 5.0 ], [ 145.78947368421052, 5.0 ], [ 146.008771929824547, 5.0 ], [ 146.228070175438603, 5.0 ], [ 146.44736842105263, 5.0 ], [ 146.666666666666657, 5.0 ], [ 146.885964912280713, 5.0 ], [ 147.10526315789474, 5.0 ], [ 147.324561403508767, 5.0 ], [ 147.543859649122794, 5.0 ], [ 147.763157894736821, 5.0 ], [ 147.982456140350877, 5.0 ], [ 148.201754385964932, 5.0 ], [ 148.421052631578959, 5.0 ], [ 148.640350877192986, 5.0 ], [ 148.859649122807014, 5.0 ], [ 149.078947368421041, 5.0 ], [ 149.298245614035096, 5.0 ], [ 149.517543859649123, 5.0 ], [ 149.73684210526315, 5.0 ], [ 149.956140350877206, 5.0 ], [ 150.175438596491233, 5.0 ], [ 150.39473684210526, 5.0 ], [ 150.614035087719287, 5.0 ], [ 150.833333333333314, 5.0 ], [ 151.05263157894737, 5.0 ], [ 151.271929824561425, 5.0 ], [ 151.491228070175453, 5.0 ], [ 151.71052631578948, 5.0 ], [ 151.929824561403507, 5.0 ], [ 152.149122807017534, 5.0 ], [ 152.368421052631589, 5.0 ], [ 152.587719298245617, 5.0 ], [ 152.807017543859644, 5.0 ], [ 153.026315789473699, 5.0 ], [ 153.245614035087726, 5.0 ], [ 153.464912280701753, 5.0 ], [ 153.68421052631578, 5.0 ], [ 153.903508771929808, 5.0 ], [ 154.122807017543863, 5.0 ], [ 154.34210526315789, 5.0 ], [ 154.561403508771917, 5.0 ], [ 154.780701754385973, 5.0 ], [ 155.0, 5.0 ], [ 155.219298245614027, 5.0 ], [ 155.438596491228054, 5.0 ], [ 155.657894736842081, 5.0 ], [ 155.877192982456137, 5.0 ], [ 156.096491228070192, 5.0 ], [ 156.31578947368422, 5.0 ], [ 156.535087719298247, 5.0 ], [ 156.754385964912274, 5.0 ], [ 156.973684210526301, 5.0 ], [ 157.192982456140356, 5.0 ], [ 157.412280701754383, 5.0 ], [ 157.631578947368411, 5.0 ], [ 157.850877192982466, 5.0 ], [ 158.070175438596493, 5.0 ], [ 158.28947368421052, 5.0 ], [ 158.508771929824547, 5.0 ], [ 158.728070175438575, 5.0 ], [ 158.94736842105263, 5.0 ], [ 159.166666666666686, 5.0 ], [ 159.385964912280713, 5.0 ], [ 159.60526315789474, 5.0 ], [ 159.824561403508767, 5.0 ], [ 160.043859649122794, 5.0 ], [ 160.26315789473685, 5.0 ], [ 160.482456140350877, 5.0 ], [ 160.701754385964904, 5.0 ], [ 160.921052631578959, 5.0 ], [ 161.140350877192986, 5.0 ], [ 161.359649122807014, 5.0 ], [ 161.578947368421041, 5.0 ], [ 161.798245614035068, 5.0 ], [ 162.017543859649123, 5.0 ], [ 162.236842105263179, 5.0 ], [ 162.456140350877206, 5.0 ], [ 162.675438596491233, 5.0 ], [ 162.89473684210526, 5.0 ], [ 163.114035087719287, 5.0 ], [ 163.333333333333314, 5.0 ], [ 163.552631578947341, 5.0 ], [ 163.771929824561397, 5.0 ], [ 163.991228070175453, 5.0 ], [ 164.21052631578948, 5.0 ], [ 164.429824561403507, 5.0 ], [ 164.649122807017534, 5.0 ], [ 164.868421052631561, 5.0 ], [ 165.087719298245617, 5.0 ], [ 165.307017543859672, 5.0 ], [ 165.526315789473699, 5.0 ], [ 165.745614035087726, 5.0 ], [ 165.964912280701753, 5.0 ], [ 166.18421052631578, 5.0 ], [ 166.403508771929808, 5.0 ], [ 166.622807017543835, 5.0 ], [ 166.84210526315789, 5.0 ], [ 167.061403508771946, 5.0 ], [ 167.280701754385973, 5.0 ], [ 167.5, 5.0 ], [ 167.719298245614027, 5.0 ], [ 167.938596491228054, 5.0 ], [ 168.15789473684211, 5.0 ], [ 168.377192982456137, 5.0 ], [ 168.596491228070164, 5.0 ], [ 168.81578947368422, 5.0 ], [ 169.035087719298247, 5.0 ], [ 169.254385964912274, 5.0 ], [ 169.473684210526301, 5.0 ], [ 169.692982456140328, 5.0 ], [ 169.912280701754383, 5.0 ], [ 170.131578947368439, 5.0 ], [ 170.350877192982466, 5.0 ], [ 170.570175438596493, 5.0 ], [ 170.78947368421052, 5.0 ], [ 171.008771929824547, 5.0 ], [ 171.228070175438603, 5.0 ], [ 171.44736842105263, 5.0 ], [ 171.666666666666657, 5.0 ], [ 171.885964912280713, 5.0 ], [ 172.10526315789474, 5.0 ], [ 172.324561403508767, 5.0 ], [ 172.543859649122794, 5.0 ], [ 172.763157894736821, 5.0 ], [ 172.982456140350877, 5.0 ], [ 173.201754385964932, 5.0 ], [ 173.421052631578959, 5.0 ], [ 173.640350877192986, 5.0 ], [ 173.859649122807014, 5.0 ], [ 174.078947368421041, 5.0 ], [ 174.298245614035068, 5.0 ], [ 174.517543859649095, 5.0 ], [ 174.73684210526315, 5.0 ], [ 174.956140350877206, 5.0 ], [ 175.175438596491233, 5.0 ], [ 175.39473684210526, 5.0 ], [ 175.614035087719287, 5.0 ], [ 175.833333333333314, 5.0 ], [ 176.05263157894737, 5.0 ], [ 176.271929824561425, 5.0 ], [ 176.491228070175453, 5.0 ], [ 176.71052631578948, 5.0 ], [ 176.929824561403507, 5.0 ], [ 177.149122807017534, 5.0 ], [ 177.368421052631561, 5.0 ], [ 177.587719298245588, 5.0 ], [ 177.807017543859644, 5.0 ], [ 178.026315789473699, 5.0 ], [ 178.245614035087726, 5.0 ], [ 178.464912280701753, 5.0 ], [ 178.68421052631578, 5.0 ], [ 178.903508771929808, 5.0 ], [ 179.122807017543863, 5.0 ], [ 179.34210526315789, 5.0 ], [ 179.561403508771917, 5.0 ], [ 179.780701754385973, 5.0 ], [ 180.0, 5.0 ], [ 180.0, 4.782608695652174 ], [ 180.0, 4.565217391304348 ], [ 180.0, 4.347826086956522 ], [ 180.0, 4.130434782608695 ], [ 180.0, 3.913043478260869 ], [ 180.0, 3.695652173913043 ], [ 180.0, 3.478260869565218 ], [ 180.0, 3.260869565217392 ], [ 180.0, 3.043478260869565 ], [ 180.0, 2.826086956521739 ], [ 180.0, 2.608695652173913 ], [ 180.0, 2.391304347826087 ], [ 180.0, 2.173913043478261 ], [ 180.0, 1.956521739130435 ], [ 180.0, 1.739130434782609 ], [ 180.0, 1.521739130434783 ], [ 180.0, 1.304347826086957 ], [ 180.0, 1.08695652173913 ], [ 180.0, 0.869565217391304 ], [ 180.0, 0.652173913043478 ], [ 180.0, 0.434782608695652 ], [ 180.0, 0.217391304347826 ], [ 180.0, 0.0 ], [ 180.0, -0.217391304347826 ], [ 180.0, -0.434782608695652 ], [ 180.0, -0.652173913043478 ], [ 180.0, -0.869565217391304 ], [ 180.0, -1.08695652173913 ], [ 180.0, -1.304347826086956 ], [ 180.0, -1.521739130434782 ], [ 180.0, -1.739130434782608 ], [ 180.0, -1.956521739130435 ], [ 180.0, -2.173913043478261 ], [ 180.0, -2.391304347826087 ], [ 180.0, -2.608695652173913 ], [ 180.0, -2.826086956521739 ], [ 180.0, -3.043478260869565 ], [ 180.0, -3.260869565217391 ], [ 180.0, -3.478260869565217 ], [ 180.0, -3.695652173913043 ], [ 180.0, -3.913043478260869 ], [ 180.0, -4.130434782608695 ], [ 180.0, -4.347826086956522 ], [ 180.0, -4.565217391304348 ], [ 180.0, -4.782608695652174 ], [ 180.0, -5.0 ], [ 179.780701754385973, -5.0 ], [ 179.561403508771917, -5.0 ], [ 179.34210526315789, -5.0 ], [ 179.122807017543863, -5.0 ], [ 178.903508771929808, -5.0 ], [ 178.68421052631578, -5.0 ], [ 178.464912280701753, -5.0 ], [ 178.245614035087726, -5.0 ], [ 178.026315789473699, -5.0 ], [ 177.807017543859644, -5.0 ], [ 177.587719298245617, -5.0 ], [ 177.368421052631589, -5.0 ], [ 177.149122807017534, -5.0 ], [ 176.929824561403507, -5.0 ], [ 176.71052631578948, -5.0 ], [ 176.491228070175453, -5.0 ], [ 176.271929824561425, -5.0 ], [ 176.05263157894737, -5.0 ], [ 175.833333333333314, -5.0 ], [ 175.614035087719287, -5.0 ], [ 175.39473684210526, -5.0 ], [ 175.175438596491233, -5.0 ], [ 174.956140350877206, -5.0 ], [ 174.73684210526315, -5.0 ], [ 174.517543859649123, -5.0 ], [ 174.298245614035096, -5.0 ], [ 174.078947368421041, -5.0 ], [ 173.859649122807014, -5.0 ], [ 173.640350877192986, -5.0 ], [ 173.421052631578959, -5.0 ], [ 173.201754385964932, -5.0 ], [ 172.982456140350877, -5.0 ], [ 172.763157894736821, -5.0 ], [ 172.543859649122794, -5.0 ], [ 172.324561403508767, -5.0 ], [ 172.10526315789474, -5.0 ], [ 171.885964912280713, -5.0 ], [ 171.666666666666657, -5.0 ], [ 171.44736842105263, -5.0 ], [ 171.228070175438603, -5.0 ], [ 171.008771929824547, -5.0 ], [ 170.78947368421052, -5.0 ], [ 170.570175438596493, -5.0 ], [ 170.350877192982466, -5.0 ], [ 170.131578947368439, -5.0 ], [ 169.912280701754383, -5.0 ], [ 169.692982456140356, -5.0 ], [ 169.473684210526329, -5.0 ], [ 169.254385964912274, -5.0 ], [ 169.035087719298247, -5.0 ], [ 168.81578947368422, -5.0 ], [ 168.596491228070164, -5.0 ], [ 168.377192982456137, -5.0 ], [ 168.15789473684211, -5.0 ], [ 167.938596491228054, -5.0 ], [ 167.719298245614027, -5.0 ], [ 167.5, -5.0 ], [ 167.280701754385973, -5.0 ], [ 167.061403508771946, -5.0 ], [ 166.84210526315789, -5.0 ], [ 166.622807017543863, -5.0 ], [ 166.403508771929836, -5.0 ], [ 166.18421052631578, -5.0 ], [ 165.964912280701753, -5.0 ], [ 165.745614035087726, -5.0 ], [ 165.526315789473699, -5.0 ], [ 165.307017543859672, -5.0 ], [ 165.087719298245617, -5.0 ], [ 164.868421052631561, -5.0 ], [ 164.649122807017534, -5.0 ], [ 164.429824561403507, -5.0 ], [ 164.21052631578948, -5.0 ], [ 163.991228070175453, -5.0 ], [ 163.771929824561397, -5.0 ], [ 163.55263157894737, -5.0 ], [ 163.333333333333343, -5.0 ], [ 163.114035087719287, -5.0 ], [ 162.89473684210526, -5.0 ], [ 162.675438596491233, -5.0 ], [ 162.456140350877206, -5.0 ], [ 162.236842105263179, -5.0 ], [ 162.017543859649123, -5.0 ], [ 161.798245614035068, -5.0 ], [ 161.578947368421041, -5.0 ], [ 161.359649122807014, -5.0 ], [ 161.140350877192986, -5.0 ], [ 160.921052631578959, -5.0 ], [ 160.701754385964904, -5.0 ], [ 160.482456140350877, -5.0 ], [ 160.26315789473685, -5.0 ], [ 160.043859649122794, -5.0 ], [ 159.824561403508767, -5.0 ], [ 159.60526315789474, -5.0 ], [ 159.385964912280713, -5.0 ], [ 159.166666666666686, -5.0 ], [ 158.94736842105263, -5.0 ], [ 158.728070175438575, -5.0 ], [ 158.508771929824547, -5.0 ], [ 158.28947368421052, -5.0 ], [ 158.070175438596493, -5.0 ], [ 157.850877192982466, -5.0 ], [ 157.631578947368411, -5.0 ], [ 157.412280701754383, -5.0 ], [ 157.192982456140356, -5.0 ], [ 156.973684210526301, -5.0 ], [ 156.754385964912274, -5.0 ], [ 156.535087719298247, -5.0 ], [ 156.31578947368422, -5.0 ], [ 156.096491228070192, -5.0 ], [ 155.877192982456137, -5.0 ], [ 155.65789473684211, -5.0 ], [ 155.438596491228083, -5.0 ], [ 155.219298245614027, -5.0 ], [ 155.0, -5.0 ], [ 154.780701754385973, -5.0 ], [ 154.561403508771946, -5.0 ], [ 154.342105263157919, -5.0 ], [ 154.122807017543863, -5.0 ], [ 153.903508771929808, -5.0 ], [ 153.68421052631578, -5.0 ], [ 153.464912280701753, -5.0 ], [ 153.245614035087726, -5.0 ], [ 153.026315789473699, -5.0 ], [ 152.807017543859644, -5.0 ], [ 152.587719298245617, -5.0 ], [ 152.368421052631589, -5.0 ], [ 152.149122807017534, -5.0 ], [ 151.929824561403507, -5.0 ], [ 151.71052631578948, -5.0 ], [ 151.491228070175453, -5.0 ], [ 151.271929824561425, -5.0 ], [ 151.05263157894737, -5.0 ], [ 150.833333333333314, -5.0 ], [ 150.614035087719287, -5.0 ], [ 150.39473684210526, -5.0 ], [ 150.175438596491233, -5.0 ], [ 149.956140350877206, -5.0 ], [ 149.73684210526315, -5.0 ], [ 149.517543859649123, -5.0 ], [ 149.298245614035096, -5.0 ], [ 149.078947368421041, -5.0 ], [ 148.859649122807014, -5.0 ], [ 148.640350877192986, -5.0 ], [ 148.421052631578959, -5.0 ], [ 148.201754385964932, -5.0 ], [ 147.982456140350877, -5.0 ], [ 147.763157894736821, -5.0 ], [ 147.543859649122794, -5.0 ], [ 147.324561403508767, -5.0 ], [ 147.10526315789474, -5.0 ], [ 146.885964912280713, -5.0 ], [ 146.666666666666686, -5.0 ], [ 146.447368421052659, -5.0 ], [ 146.228070175438603, -5.0 ], [ 146.008771929824547, -5.0 ], [ 145.78947368421052, -5.0 ], [ 145.570175438596493, -5.0 ], [ 145.350877192982466, -5.0 ], [ 145.131578947368439, -5.0 ], [ 144.912280701754383, -5.0 ], [ 144.692982456140328, -5.0 ], [ 144.473684210526301, -5.0 ], [ 144.254385964912274, -5.0 ], [ 144.035087719298247, -5.0 ], [ 143.81578947368422, -5.0 ], [ 143.596491228070192, -5.0 ], [ 143.377192982456165, -5.0 ], [ 143.15789473684211, -5.0 ], [ 142.938596491228054, -5.0 ], [ 142.719298245614027, -5.0 ], [ 142.5, -5.0 ], [ 142.280701754385973, -5.0 ], [ 142.061403508771946, -5.0 ], [ 141.84210526315789, -5.0 ], [ 141.622807017543863, -5.0 ], [ 141.403508771929836, -5.0 ], [ 141.18421052631578, -5.0 ], [ 140.964912280701753, -5.0 ], [ 140.745614035087726, -5.0 ], [ 140.526315789473699, -5.0 ], [ 140.307017543859672, -5.0 ], [ 140.087719298245617, -5.0 ], [ 139.868421052631561, -5.0 ], [ 139.649122807017534, -5.0 ], [ 139.429824561403507, -5.0 ], [ 139.21052631578948, -5.0 ], [ 138.991228070175453, -5.0 ], [ 138.771929824561397, -5.0 ], [ 138.55263157894737, -5.0 ], [ 138.333333333333343, -5.0 ], [ 138.114035087719287, -5.0 ], [ 137.89473684210526, -5.0 ], [ 137.675438596491233, -5.0 ], [ 137.456140350877206, -5.0 ], [ 137.236842105263179, -5.0 ], [ 137.017543859649123, -5.0 ], [ 136.798245614035068, -5.0 ], [ 136.578947368421041, -5.0 ], [ 136.359649122807014, -5.0 ], [ 136.140350877192986, -5.0 ], [ 135.921052631578959, -5.0 ], [ 135.701754385964932, -5.0 ], [ 135.482456140350905, -5.0 ], [ 135.26315789473685, -5.0 ], [ 135.043859649122794, -5.0 ], [ 134.824561403508767, -5.0 ], [ 134.60526315789474, -5.0 ], [ 134.385964912280713, -5.0 ], [ 134.166666666666686, -5.0 ], [ 133.94736842105263, -5.0 ], [ 133.728070175438575, -5.0 ], [ 133.508771929824547, -5.0 ], [ 133.28947368421052, -5.0 ], [ 133.070175438596493, -5.0 ], [ 132.850877192982466, -5.0 ], [ 132.631578947368439, -5.0 ], [ 132.412280701754412, -5.0 ], [ 132.192982456140356, -5.0 ], [ 131.973684210526301, -5.0 ], [ 131.754385964912274, -5.0 ], [ 131.535087719298247, -5.0 ], [ 131.31578947368422, -5.0 ], [ 131.096491228070192, -5.0 ], [ 130.877192982456137, -5.0 ], [ 130.65789473684211, -5.0 ], [ 130.438596491228083, -5.0 ], [ 130.219298245614027, -5.0 ], [ 130.0, -5.0 ] ] ], [ [ [ -180.0, -5.0 ], [ -180.0, -4.782608695652174 ], [ -180.0, -4.565217391304348 ], [ -180.0, -4.347826086956522 ], [ -180.0, -4.130434782608695 ], [ -180.0, -3.913043478260869 ], [ -180.0, -3.695652173913043 ], [ -180.0, -3.478260869565218 ], [ -180.0, -3.260869565217392 ], [ -180.0, -3.043478260869565 ], [ -180.0, -2.826086956521739 ], [ -180.0, -2.608695652173913 ], [ -180.0, -2.391304347826087 ], [ -180.0, -2.173913043478261 ], [ -180.0, -1.956521739130435 ], [ -180.0, -1.739130434782609 ], [ -180.0, -1.521739130434783 ], [ -180.0, -1.304347826086957 ], [ -180.0, -1.08695652173913 ], [ -180.0, -0.869565217391304 ], [ -180.0, -0.652173913043478 ], [ -180.0, -0.434782608695652 ], [ -180.0, -0.217391304347826 ], [ -180.0, 0.0 ], [ -180.0, 0.217391304347826 ], [ -180.0, 0.434782608695652 ], [ -180.0, 0.652173913043478 ], [ -180.0, 0.869565217391304 ], [ -180.0, 1.08695652173913 ], [ -180.0, 1.304347826086956 ], [ -180.0, 1.521739130434782 ], [ -180.0, 1.739130434782608 ], [ -180.0, 1.956521739130435 ], [ -180.0, 2.173913043478261 ], [ -180.0, 2.391304347826087 ], [ -180.0, 2.608695652173913 ], [ -180.0, 2.826086956521739 ], [ -180.0, 3.043478260869565 ], [ -180.0, 3.260869565217391 ], [ -180.0, 3.478260869565217 ], [ -180.0, 3.695652173913043 ], [ -180.0, 3.913043478260869 ], [ -180.0, 4.130434782608695 ], [ -180.0, 4.347826086956522 ], [ -180.0, 4.565217391304348 ], [ -180.0, 4.782608695652174 ], [ -180.0, 5.0 ], [ -179.780534351145036, 5.0 ], [ -179.561068702290072, 5.0 ], [ -179.341603053435108, 5.0 ], [ -179.122137404580144, 5.0 ], [ -178.90267175572518, 5.0 ], [ -178.683206106870216, 5.0 ], [ -178.463740458015252, 5.0 ], [ -178.244274809160316, 5.0 ], [ -178.024809160305352, 5.0 ], [ -177.805343511450388, 5.0 ], [ -177.585877862595424, 5.0 ], [ -177.36641221374046, 5.0 ], [ -177.146946564885496, 5.0 ], [ -176.927480916030532, 5.0 ], [ -176.708015267175568, 5.0 ], [ -176.488549618320604, 5.0 ], [ -176.26908396946564, 5.0 ], [ -176.049618320610676, 5.0 ], [ -175.830152671755741, 5.0 ], [ -175.610687022900777, 5.0 ], [ -175.391221374045813, 5.0 ], [ -175.171755725190849, 5.0 ], [ -174.952290076335885, 5.0 ], [ -174.732824427480921, 5.0 ], [ -174.513358778625957, 5.0 ], [ -174.293893129770993, 5.0 ], [ -174.074427480916029, 5.0 ], [ -173.854961832061065, 5.0 ], [ -173.635496183206101, 5.0 ], [ -173.416030534351137, 5.0 ], [ -173.196564885496173, 5.0 ], [ -172.977099236641209, 5.0 ], [ -172.757633587786245, 5.0 ], [ -172.538167938931309, 5.0 ], [ -172.318702290076345, 5.0 ], [ -172.099236641221381, 5.0 ], [ -171.879770992366417, 5.0 ], [ -171.660305343511453, 5.0 ], [ -171.440839694656489, 5.0 ], [ -171.221374045801525, 5.0 ], [ -171.001908396946561, 5.0 ], [ -170.782442748091597, 5.0 ], [ -170.562977099236633, 5.0 ], [ -170.343511450381669, 5.0 ], [ -170.124045801526734, 5.0 ], [ -169.90458015267177, 5.0 ], [ -169.685114503816806, 5.0 ], [ -169.465648854961842, 5.0 ], [ -169.246183206106878, 5.0 ], [ -169.026717557251914, 5.0 ], [ -168.80725190839695, 5.0 ], [ -168.587786259541986, 5.0 ], [ -168.368320610687022, 5.0 ], [ -168.148854961832058, 5.0 ], [ -167.929389312977094, 5.0 ], [ -167.70992366412213, 5.0 ], [ -167.490458015267166, 5.0 ], [ -167.270992366412202, 5.0 ], [ -167.051526717557238, 5.0 ], [ -166.832061068702302, 5.0 ], [ -166.612595419847338, 5.0 ], [ -166.393129770992374, 5.0 ], [ -166.17366412213741, 5.0 ], [ -165.954198473282446, 5.0 ], [ -165.734732824427482, 5.0 ], [ -165.515267175572518, 5.0 ], [ -165.295801526717554, 5.0 ], [ -165.07633587786259, 5.0 ], [ -164.856870229007626, 5.0 ], [ -164.637404580152662, 5.0 ], [ -164.417938931297726, 5.0 ], [ -164.198473282442762, 5.0 ], [ -163.979007633587798, 5.0 ], [ -163.759541984732834, 5.0 ], [ -163.54007633587787, 5.0 ], [ -163.320610687022906, 5.0 ], [ -163.101145038167942, 5.0 ], [ -162.881679389312978, 5.0 ], [ -162.662213740458014, 5.0 ], [ -162.44274809160305, 5.0 ], [ -162.223282442748086, 5.0 ], [ -162.003816793893122, 5.0 ], [ -161.784351145038158, 5.0 ], [ -161.564885496183194, 5.0 ], [ -161.34541984732823, 5.0 ], [ -161.125954198473266, 5.0 ], [ -160.906488549618302, 5.0 ], [ -160.687022900763367, 5.0 ], [ -160.467557251908403, 5.0 ], [ -160.248091603053439, 5.0 ], [ -160.028625954198475, 5.0 ], [ -159.809160305343511, 5.0 ], [ -159.589694656488547, 5.0 ], [ -159.370229007633583, 5.0 ], [ -159.150763358778619, 5.0 ], [ -158.931297709923655, 5.0 ], [ -158.711832061068719, 5.0 ], [ -158.492366412213755, 5.0 ], [ -158.272900763358791, 5.0 ], [ -158.053435114503827, 5.0 ], [ -157.833969465648863, 5.0 ], [ -157.614503816793899, 5.0 ], [ -157.395038167938935, 5.0 ], [ -157.175572519083971, 5.0 ], [ -156.956106870229007, 5.0 ], [ -156.736641221374043, 5.0 ], [ -156.517175572519079, 5.0 ], [ -156.297709923664115, 5.0 ], [ -156.078244274809151, 5.0 ], [ -155.858778625954187, 5.0 ], [ -155.639312977099223, 5.0 ], [ -155.419847328244259, 5.0 ], [ -155.200381679389295, 5.0 ], [ -154.98091603053436, 5.0 ], [ -154.761450381679396, 5.0 ], [ -154.541984732824432, 5.0 ], [ -154.322519083969468, 5.0 ], [ -154.103053435114504, 5.0 ], [ -153.88358778625954, 5.0 ], [ -153.664122137404576, 5.0 ], [ -153.444656488549612, 5.0 ], [ -153.225190839694648, 5.0 ], [ -153.005725190839712, 5.0 ], [ -152.786259541984748, 5.0 ], [ -152.566793893129784, 5.0 ], [ -152.34732824427482, 5.0 ], [ -152.127862595419856, 5.0 ], [ -151.908396946564892, 5.0 ], [ -151.688931297709928, 5.0 ], [ -151.469465648854964, 5.0 ], [ -151.25, 5.0 ], [ -151.030534351145036, 5.0 ], [ -150.811068702290072, 5.0 ], [ -150.591603053435108, 5.0 ], [ -150.372137404580144, 5.0 ], [ -150.15267175572518, 5.0 ], [ -149.933206106870216, 5.0 ], [ -149.713740458015252, 5.0 ], [ -149.494274809160288, 5.0 ], [ -149.274809160305352, 5.0 ], [ -149.055343511450388, 5.0 ], [ -148.835877862595424, 5.0 ], [ -148.61641221374046, 5.0 ], [ -148.396946564885496, 5.0 ], [ -148.177480916030532, 5.0 ], [ -147.958015267175568, 5.0 ], [ -147.738549618320604, 5.0 ], [ -147.51908396946564, 5.0 ], [ -147.299618320610705, 5.0 ], [ -147.080152671755741, 5.0 ], [ -146.860687022900777, 5.0 ], [ -146.641221374045813, 5.0 ], [ -146.421755725190849, 5.0 ], [ -146.202290076335885, 5.0 ], [ -145.982824427480921, 5.0 ], [ -145.763358778625957, 5.0 ], [ -145.543893129770993, 5.0 ], [ -145.324427480916029, 5.0 ], [ -145.104961832061065, 5.0 ], [ -144.885496183206101, 5.0 ], [ -144.666030534351137, 5.0 ], [ -144.446564885496173, 5.0 ], [ -144.227099236641209, 5.0 ], [ -144.007633587786245, 5.0 ], [ -143.788167938931281, 5.0 ], [ -143.568702290076345, 5.0 ], [ -143.349236641221381, 5.0 ], [ -143.129770992366417, 5.0 ], [ -142.910305343511453, 5.0 ], [ -142.690839694656489, 5.0 ], [ -142.471374045801525, 5.0 ], [ -142.251908396946561, 5.0 ], [ -142.032442748091597, 5.0 ], [ -141.812977099236633, 5.0 ], [ -141.593511450381698, 5.0 ], [ -141.374045801526734, 5.0 ], [ -141.15458015267177, 5.0 ], [ -140.935114503816806, 5.0 ], [ -140.715648854961842, 5.0 ], [ -140.496183206106878, 5.0 ], [ -140.276717557251914, 5.0 ], [ -140.05725190839695, 5.0 ], [ -139.837786259541986, 5.0 ], [ -139.618320610687022, 5.0 ], [ -139.398854961832058, 5.0 ], [ -139.179389312977094, 5.0 ], [ -138.95992366412213, 5.0 ], [ -138.740458015267166, 5.0 ], [ -138.520992366412202, 5.0 ], [ -138.301526717557238, 5.0 ], [ -138.082061068702274, 5.0 ], [ -137.86259541984731, 5.0 ], [ -137.643129770992346, 5.0 ], [ -137.42366412213741, 5.0 ], [ -137.204198473282446, 5.0 ], [ -136.984732824427482, 5.0 ], [ -136.765267175572518, 5.0 ], [ -136.545801526717554, 5.0 ], [ -136.32633587786259, 5.0 ], [ -136.106870229007626, 5.0 ], [ -135.88740458015269, 5.0 ], [ -135.667938931297726, 5.0 ], [ -135.448473282442762, 5.0 ], [ -135.229007633587798, 5.0 ], [ -135.009541984732834, 5.0 ], [ -134.79007633587787, 5.0 ], [ -134.570610687022906, 5.0 ], [ -134.351145038167942, 5.0 ], [ -134.131679389312978, 5.0 ], [ -133.912213740458014, 5.0 ], [ -133.69274809160305, 5.0 ], [ -133.473282442748086, 5.0 ], [ -133.253816793893122, 5.0 ], [ -133.034351145038158, 5.0 ], [ -132.814885496183194, 5.0 ], [ -132.59541984732823, 5.0 ], [ -132.375954198473266, 5.0 ], [ -132.156488549618302, 5.0 ], [ -131.937022900763338, 5.0 ], [ -131.717557251908403, 5.0 ], [ -131.498091603053439, 5.0 ], [ -131.278625954198475, 5.0 ], [ -131.059160305343511, 5.0 ], [ -130.839694656488547, 5.0 ], [ -130.620229007633583, 5.0 ], [ -130.400763358778619, 5.0 ], [ -130.181297709923655, 5.0 ], [ -129.961832061068691, 5.0 ], [ -129.742366412213755, 5.0 ], [ -129.522900763358791, 5.0 ], [ -129.303435114503827, 5.0 ], [ -129.083969465648863, 5.0 ], [ -128.864503816793899, 5.0 ], [ -128.645038167938935, 5.0 ], [ -128.425572519083971, 5.0 ], [ -128.206106870229007, 5.0 ], [ -127.986641221374043, 5.0 ], [ -127.767175572519079, 5.0 ], [ -127.547709923664115, 5.0 ], [ -127.328244274809151, 5.0 ], [ -127.108778625954187, 5.0 ], [ -126.889312977099237, 5.0 ], [ -126.669847328244273, 5.0 ], [ -126.450381679389309, 5.0 ], [ -126.23091603053436, 5.0 ], [ -126.011450381679396, 5.0 ], [ -125.791984732824432, 5.0 ], [ -125.572519083969468, 5.0 ], [ -125.353053435114504, 5.0 ], [ -125.13358778625954, 5.0 ], [ -124.914122137404576, 5.0 ], [ -124.694656488549612, 5.0 ], [ -124.475190839694648, 5.0 ], [ -124.255725190839684, 5.0 ], [ -124.03625954198472, 5.0 ], [ -123.81679389312977, 5.0 ], [ -123.59732824427482, 5.0 ], [ -123.377862595419856, 5.0 ], [ -123.158396946564892, 5.0 ], [ -122.938931297709928, 5.0 ], [ -122.719465648854964, 5.0 ], [ -122.5, 5.0 ], [ -122.5, 4.782608695652174 ], [ -122.5, 4.565217391304348 ], [ -122.5, 4.347826086956522 ], [ -122.5, 4.130434782608695 ], [ -122.5, 3.913043478260869 ], [ -122.5, 3.695652173913043 ], [ -122.5, 3.478260869565218 ], [ -122.5, 3.260869565217392 ], [ -122.5, 3.043478260869565 ], [ -122.5, 2.826086956521739 ], [ -122.5, 2.608695652173913 ], [ -122.5, 2.391304347826087 ], [ -122.5, 2.173913043478261 ], [ -122.5, 1.956521739130435 ], [ -122.5, 1.739130434782609 ], [ -122.5, 1.521739130434783 ], [ -122.5, 1.304347826086957 ], [ -122.5, 1.08695652173913 ], [ -122.5, 0.869565217391304 ], [ -122.5, 0.652173913043478 ], [ -122.5, 0.434782608695652 ], [ -122.5, 0.217391304347826 ], [ -122.5, 0.0 ], [ -122.5, -0.217391304347826 ], [ -122.5, -0.434782608695652 ], [ -122.5, -0.652173913043478 ], [ -122.5, -0.869565217391304 ], [ -122.5, -1.08695652173913 ], [ -122.5, -1.304347826086956 ], [ -122.5, -1.521739130434782 ], [ -122.5, -1.739130434782608 ], [ -122.5, -1.956521739130435 ], [ -122.5, -2.173913043478261 ], [ -122.5, -2.391304347826087 ], [ -122.5, -2.608695652173913 ], [ -122.5, -2.826086956521739 ], [ -122.5, -3.043478260869565 ], [ -122.5, -3.260869565217391 ], [ -122.5, -3.478260869565217 ], [ -122.5, -3.695652173913043 ], [ -122.5, -3.913043478260869 ], [ -122.5, -4.130434782608695 ], [ -122.5, -4.347826086956522 ], [ -122.5, -4.565217391304348 ], [ -122.5, -4.782608695652174 ], [ -122.5, -5.0 ], [ -122.719465648854964, -5.0 ], [ -122.938931297709928, -5.0 ], [ -123.158396946564892, -5.0 ], [ -123.377862595419842, -5.0 ], [ -123.597328244274806, -5.0 ], [ -123.81679389312977, -5.0 ], [ -124.036259541984734, -5.0 ], [ -124.255725190839698, -5.0 ], [ -124.475190839694648, -5.0 ], [ -124.694656488549612, -5.0 ], [ -124.914122137404576, -5.0 ], [ -125.13358778625954, -5.0 ], [ -125.353053435114504, -5.0 ], [ -125.572519083969468, -5.0 ], [ -125.791984732824432, -5.0 ], [ -126.011450381679396, -5.0 ], [ -126.23091603053436, -5.0 ], [ -126.450381679389309, -5.0 ], [ -126.669847328244273, -5.0 ], [ -126.889312977099237, -5.0 ], [ -127.108778625954201, -5.0 ], [ -127.328244274809165, -5.0 ], [ -127.547709923664115, -5.0 ], [ -127.767175572519079, -5.0 ], [ -127.986641221374043, -5.0 ], [ -128.206106870229007, -5.0 ], [ -128.425572519083971, -5.0 ], [ -128.645038167938935, -5.0 ], [ -128.864503816793899, -5.0 ], [ -129.083969465648863, -5.0 ], [ -129.303435114503827, -5.0 ], [ -129.522900763358791, -5.0 ], [ -129.742366412213755, -5.0 ], [ -129.961832061068691, -5.0 ], [ -130.181297709923655, -5.0 ], [ -130.400763358778619, -5.0 ], [ -130.620229007633583, -5.0 ], [ -130.839694656488547, -5.0 ], [ -131.059160305343511, -5.0 ], [ -131.278625954198475, -5.0 ], [ -131.498091603053439, -5.0 ], [ -131.717557251908403, -5.0 ], [ -131.937022900763367, -5.0 ], [ -132.156488549618331, -5.0 ], [ -132.375954198473266, -5.0 ], [ -132.59541984732823, -5.0 ], [ -132.814885496183194, -5.0 ], [ -133.034351145038158, -5.0 ], [ -133.253816793893122, -5.0 ], [ -133.473282442748086, -5.0 ], [ -133.69274809160305, -5.0 ], [ -133.912213740458014, -5.0 ], [ -134.131679389312978, -5.0 ], [ -134.351145038167942, -5.0 ], [ -134.570610687022906, -5.0 ], [ -134.79007633587787, -5.0 ], [ -135.009541984732834, -5.0 ], [ -135.229007633587798, -5.0 ], [ -135.448473282442762, -5.0 ], [ -135.667938931297698, -5.0 ], [ -135.887404580152662, -5.0 ], [ -136.106870229007626, -5.0 ], [ -136.32633587786259, -5.0 ], [ -136.545801526717554, -5.0 ], [ -136.765267175572518, -5.0 ], [ -136.984732824427482, -5.0 ], [ -137.204198473282446, -5.0 ], [ -137.42366412213741, -5.0 ], [ -137.643129770992374, -5.0 ], [ -137.862595419847338, -5.0 ], [ -138.082061068702274, -5.0 ], [ -138.301526717557238, -5.0 ], [ -138.520992366412202, -5.0 ], [ -138.740458015267166, -5.0 ], [ -138.95992366412213, -5.0 ], [ -139.179389312977094, -5.0 ], [ -139.398854961832058, -5.0 ], [ -139.618320610687022, -5.0 ], [ -139.837786259541986, -5.0 ], [ -140.05725190839695, -5.0 ], [ -140.276717557251914, -5.0 ], [ -140.496183206106878, -5.0 ], [ -140.715648854961842, -5.0 ], [ -140.935114503816806, -5.0 ], [ -141.15458015267177, -5.0 ], [ -141.374045801526734, -5.0 ], [ -141.593511450381698, -5.0 ], [ -141.812977099236633, -5.0 ], [ -142.032442748091597, -5.0 ], [ -142.251908396946561, -5.0 ], [ -142.471374045801525, -5.0 ], [ -142.690839694656489, -5.0 ], [ -142.910305343511453, -5.0 ], [ -143.129770992366417, -5.0 ], [ -143.349236641221381, -5.0 ], [ -143.568702290076345, -5.0 ], [ -143.788167938931281, -5.0 ], [ -144.007633587786245, -5.0 ], [ -144.227099236641209, -5.0 ], [ -144.446564885496173, -5.0 ], [ -144.666030534351137, -5.0 ], [ -144.885496183206101, -5.0 ], [ -145.104961832061065, -5.0 ], [ -145.324427480916029, -5.0 ], [ -145.543893129770993, -5.0 ], [ -145.763358778625957, -5.0 ], [ -145.982824427480921, -5.0 ], [ -146.202290076335885, -5.0 ], [ -146.421755725190849, -5.0 ], [ -146.641221374045813, -5.0 ], [ -146.860687022900777, -5.0 ], [ -147.080152671755741, -5.0 ], [ -147.299618320610705, -5.0 ], [ -147.51908396946564, -5.0 ], [ -147.738549618320604, -5.0 ], [ -147.958015267175568, -5.0 ], [ -148.177480916030532, -5.0 ], [ -148.396946564885496, -5.0 ], [ -148.61641221374046, -5.0 ], [ -148.835877862595424, -5.0 ], [ -149.055343511450388, -5.0 ], [ -149.274809160305352, -5.0 ], [ -149.494274809160288, -5.0 ], [ -149.713740458015252, -5.0 ], [ -149.933206106870216, -5.0 ], [ -150.15267175572518, -5.0 ], [ -150.372137404580144, -5.0 ], [ -150.591603053435108, -5.0 ], [ -150.811068702290072, -5.0 ], [ -151.030534351145036, -5.0 ], [ -151.25, -5.0 ], [ -151.469465648854964, -5.0 ], [ -151.688931297709928, -5.0 ], [ -151.908396946564892, -5.0 ], [ -152.127862595419856, -5.0 ], [ -152.34732824427482, -5.0 ], [ -152.566793893129784, -5.0 ], [ -152.786259541984748, -5.0 ], [ -153.005725190839712, -5.0 ], [ -153.225190839694648, -5.0 ], [ -153.444656488549612, -5.0 ], [ -153.664122137404576, -5.0 ], [ -153.88358778625954, -5.0 ], [ -154.103053435114504, -5.0 ], [ -154.322519083969468, -5.0 ], [ -154.541984732824432, -5.0 ], [ -154.761450381679396, -5.0 ], [ -154.98091603053436, -5.0 ], [ -155.200381679389295, -5.0 ], [ -155.419847328244259, -5.0 ], [ -155.639312977099223, -5.0 ], [ -155.858778625954187, -5.0 ], [ -156.078244274809151, -5.0 ], [ -156.297709923664115, -5.0 ], [ -156.517175572519079, -5.0 ], [ -156.736641221374043, -5.0 ], [ -156.956106870229007, -5.0 ], [ -157.175572519083971, -5.0 ], [ -157.395038167938935, -5.0 ], [ -157.614503816793899, -5.0 ], [ -157.833969465648863, -5.0 ], [ -158.053435114503827, -5.0 ], [ -158.272900763358791, -5.0 ], [ -158.492366412213755, -5.0 ], [ -158.711832061068719, -5.0 ], [ -158.931297709923655, -5.0 ], [ -159.150763358778619, -5.0 ], [ -159.370229007633583, -5.0 ], [ -159.589694656488547, -5.0 ], [ -159.809160305343511, -5.0 ], [ -160.028625954198475, -5.0 ], [ -160.248091603053439, -5.0 ], [ -160.467557251908403, -5.0 ], [ -160.687022900763367, -5.0 ], [ -160.906488549618302, -5.0 ], [ -161.125954198473266, -5.0 ], [ -161.34541984732823, -5.0 ], [ -161.564885496183194, -5.0 ], [ -161.784351145038158, -5.0 ], [ -162.003816793893122, -5.0 ], [ -162.223282442748086, -5.0 ], [ -162.44274809160305, -5.0 ], [ -162.662213740458014, -5.0 ], [ -162.881679389312978, -5.0 ], [ -163.101145038167942, -5.0 ], [ -163.320610687022906, -5.0 ], [ -163.54007633587787, -5.0 ], [ -163.759541984732834, -5.0 ], [ -163.979007633587798, -5.0 ], [ -164.198473282442762, -5.0 ], [ -164.417938931297726, -5.0 ], [ -164.63740458015269, -5.0 ], [ -164.856870229007654, -5.0 ], [ -165.07633587786259, -5.0 ], [ -165.295801526717554, -5.0 ], [ -165.515267175572518, -5.0 ], [ -165.734732824427482, -5.0 ], [ -165.954198473282446, -5.0 ], [ -166.17366412213741, -5.0 ], [ -166.393129770992374, -5.0 ], [ -166.61259541984731, -5.0 ], [ -166.832061068702274, -5.0 ], [ -167.051526717557238, -5.0 ], [ -167.270992366412202, -5.0 ], [ -167.490458015267166, -5.0 ], [ -167.70992366412213, -5.0 ], [ -167.929389312977094, -5.0 ], [ -168.148854961832058, -5.0 ], [ -168.368320610687022, -5.0 ], [ -168.587786259541986, -5.0 ], [ -168.80725190839695, -5.0 ], [ -169.026717557251914, -5.0 ], [ -169.246183206106878, -5.0 ], [ -169.465648854961842, -5.0 ], [ -169.685114503816806, -5.0 ], [ -169.90458015267177, -5.0 ], [ -170.124045801526734, -5.0 ], [ -170.343511450381698, -5.0 ], [ -170.562977099236662, -5.0 ], [ -170.782442748091597, -5.0 ], [ -171.001908396946561, -5.0 ], [ -171.221374045801525, -5.0 ], [ -171.440839694656489, -5.0 ], [ -171.660305343511453, -5.0 ], [ -171.879770992366417, -5.0 ], [ -172.099236641221381, -5.0 ], [ -172.318702290076345, -5.0 ], [ -172.538167938931309, -5.0 ], [ -172.757633587786245, -5.0 ], [ -172.977099236641209, -5.0 ], [ -173.196564885496173, -5.0 ], [ -173.416030534351137, -5.0 ], [ -173.635496183206101, -5.0 ], [ -173.854961832061065, -5.0 ], [ -174.074427480916029, -5.0 ], [ -174.293893129770993, -5.0 ], [ -174.513358778625957, -5.0 ], [ -174.732824427480921, -5.0 ], [ -174.952290076335885, -5.0 ], [ -175.171755725190849, -5.0 ], [ -175.391221374045813, -5.0 ], [ -175.610687022900777, -5.0 ], [ -175.830152671755741, -5.0 ], [ -176.049618320610705, -5.0 ], [ -176.269083969465669, -5.0 ], [ -176.488549618320604, -5.0 ], [ -176.708015267175568, -5.0 ], [ -176.927480916030532, -5.0 ], [ -177.146946564885496, -5.0 ], [ -177.36641221374046, -5.0 ], [ -177.585877862595424, -5.0 ], [ -177.805343511450388, -5.0 ], [ -178.024809160305352, -5.0 ], [ -178.244274809160316, -5.0 ], [ -178.463740458015252, -5.0 ], [ -178.683206106870216, -5.0 ], [ -178.90267175572518, -5.0 ], [ -179.122137404580144, -5.0 ], [ -179.341603053435108, -5.0 ], [ -179.561068702290072, -5.0 ], [ -179.780534351145036, -5.0 ], [ -180.0, -5.0 ] ] ] ] } },
{ "type": "Feature", "properties": { "ID": "ID4", "name": "Northeast_SPCZ", "layer": "small-islands_v2", "path": "\/media\/maialen\/work\/WORK\/GIT\/ATLAS\/reference-regions\/small-islands.geojson" }, "geometry": { "type": "MultiPolygon", "coordinates": [ [ [ [ 155.0, -5.0 ], [ 155.219298245614027, -5.0 ], [ 155.438596491228083, -5.0 ], [ 155.65789473684211, -5.0 ], [ 155.877192982456137, -5.0 ], [ 156.096491228070192, -5.0 ], [ 156.31578947368422, -5.0 ], [ 156.535087719298247, -5.0 ], [ 156.754385964912274, -5.0 ], [ 156.973684210526301, -5.0 ], [ 157.192982456140356, -5.0 ], [ 157.412280701754383, -5.0 ], [ 157.631578947368411, -5.0 ], [ 157.850877192982466, -5.0 ], [ 158.070175438596493, -5.0 ], [ 158.28947368421052, -5.0 ], [ 158.508771929824547, -5.0 ], [ 158.728070175438575, -5.0 ], [ 158.94736842105263, -5.0 ], [ 159.166666666666686, -5.0 ], [ 159.385964912280713, -5.0 ], [ 159.60526315789474, -5.0 ], [ 159.824561403508767, -5.0 ], [ 160.043859649122794, -5.0 ], [ 160.26315789473685, -5.0 ], [ 160.482456140350877, -5.0 ], [ 160.701754385964904, -5.0 ], [ 160.921052631578959, -5.0 ], [ 161.140350877192986, -5.0 ], [ 161.359649122807014, -5.0 ], [ 161.578947368421041, -5.0 ], [ 161.798245614035068, -5.0 ], [ 162.017543859649123, -5.0 ], [ 162.236842105263179, -5.0 ], [ 162.456140350877206, -5.0 ], [ 162.675438596491233, -5.0 ], [ 162.89473684210526, -5.0 ], [ 163.114035087719287, -5.0 ], [ 163.333333333333343, -5.0 ], [ 163.55263157894737, -5.0 ], [ 163.771929824561397, -5.0 ], [ 163.991228070175453, -5.0 ], [ 164.21052631578948, -5.0 ], [ 164.429824561403507, -5.0 ], [ 164.649122807017534, -5.0 ], [ 164.868421052631561, -5.0 ], [ 165.087719298245617, -5.0 ], [ 165.307017543859644, -5.0 ], [ 165.526315789473671, -5.0 ], [ 165.745614035087726, -5.0 ], [ 165.964912280701753, -5.0 ], [ 166.18421052631578, -5.0 ], [ 166.403508771929836, -5.0 ], [ 166.622807017543863, -5.0 ], [ 166.84210526315789, -5.0 ], [ 167.061403508771946, -5.0 ], [ 167.280701754385973, -5.0 ], [ 167.5, -5.0 ], [ 167.719298245614027, -5.0 ], [ 167.938596491228054, -5.0 ], [ 168.15789473684211, -5.0 ], [ 168.377192982456137, -5.0 ], [ 168.596491228070164, -5.0 ], [ 168.81578947368422, -5.0 ], [ 169.035087719298247, -5.0 ], [ 169.254385964912274, -5.0 ], [ 169.473684210526301, -5.0 ], [ 169.692982456140328, -5.0 ], [ 169.912280701754383, -5.0 ], [ 170.131578947368439, -5.0 ], [ 170.350877192982466, -5.0 ], [ 170.570175438596493, -5.0 ], [ 170.78947368421052, -5.0 ], [ 171.008771929824547, -5.0 ], [ 171.228070175438603, -5.0 ], [ 171.44736842105263, -5.0 ], [ 171.666666666666657, -5.0 ], [ 171.885964912280713, -5.0 ], [ 172.10526315789474, -5.0 ], [ 172.324561403508767, -5.0 ], [ 172.543859649122794, -5.0 ], [ 172.763157894736821, -5.0 ], [ 172.982456140350877, -5.0 ], [ 173.201754385964932, -5.0 ], [ 173.421052631578959, -5.0 ], [ 173.640350877192986, -5.0 ], [ 173.859649122807014, -5.0 ], [ 174.078947368421041, -5.0 ], [ 174.298245614035096, -5.0 ], [ 174.517543859649123, -5.0 ], [ 174.73684210526315, -5.0 ], [ 174.956140350877206, -5.0 ], [ 175.175438596491233, -5.0 ], [ 175.39473684210526, -5.0 ], [ 175.614035087719287, -5.0 ], [ 175.833333333333314, -5.0 ], [ 176.05263157894737, -5.0 ], [ 176.271929824561425, -5.0 ], [ 176.491228070175453, -5.0 ], [ 176.71052631578948, -5.0 ], [ 176.929824561403507, -5.0 ], [ 177.149122807017534, -5.0 ], [ 177.368421052631589, -5.0 ], [ 177.587719298245617, -5.0 ], [ 177.807017543859644, -5.0 ], [ 178.026315789473699, -5.0 ], [ 178.245614035087726, -5.0 ], [ 178.464912280701753, -5.0 ], [ 178.68421052631578, -5.0 ], [ 178.903508771929808, -5.0 ], [ 179.122807017543863, -5.0 ], [ 179.34210526315789, -5.0 ], [ 179.561403508771917, -5.0 ], [ 179.780701754385973, -5.0 ], [ 180.0, -5.0 ], [ 180.0, -5.215617307692307 ], [ 180.0, -5.431234615384615 ], [ 180.0, -5.646851923076923 ], [ 180.0, -5.86246923076923 ], [ 180.0, -6.078086538461538 ], [ 180.0, -6.293703846153846 ], [ 180.0, -6.509321153846154 ], [ 180.0, -6.724938461538462 ], [ 180.0, -6.94055576923077 ], [ 180.0, -7.156173076923077 ], [ 180.0, -7.371790384615385 ], [ 180.0, -7.587407692307693 ], [ 180.0, -7.803025 ], [ 180.0, -8.018642307692307 ], [ 180.0, -8.234259615384616 ], [ 180.0, -8.449876923076923 ], [ 180.0, -8.66549423076923 ], [ 180.0, -8.881111538461539 ], [ 180.0, -9.096728846153846 ], [ 180.0, -9.312346153846153 ], [ 180.0, -9.527963461538462 ], [ 180.0, -9.743580769230769 ], [ 180.0, -9.959198076923077 ], [ 180.0, -10.174815384615385 ], [ 180.0, -10.390432692307693 ], [ 180.0, -10.60605 ], [ 179.788135593220318, -10.558541101694914 ], [ 179.576271186440664, -10.51103220338983 ], [ 179.36440677966101, -10.463523305084745 ], [ 179.152542372881356, -10.416014406779661 ], [ 178.940677966101703, -10.368505508474577 ], [ 178.72881355932202, -10.320996610169491 ], [ 178.516949152542367, -10.273487711864407 ], [ 178.305084745762713, -10.225978813559323 ], [ 178.093220338983031, -10.178469915254237 ], [ 177.881355932203377, -10.130961016949152 ], [ 177.669491525423723, -10.083452118644068 ], [ 177.457627118644069, -10.035943220338982 ], [ 177.245762711864415, -9.988434322033898 ], [ 177.033898305084733, -9.940925423728814 ], [ 176.822033898305079, -9.893416525423728 ], [ 176.610169491525426, -9.845907627118644 ], [ 176.398305084745743, -9.798398728813559 ], [ 176.18644067796609, -9.750889830508473 ], [ 175.974576271186436, -9.703380932203389 ], [ 175.762711864406782, -9.655872033898305 ], [ 175.550847457627128, -9.608363135593219 ], [ 175.338983050847446, -9.560854237288135 ], [ 175.127118644067792, -9.513345338983051 ], [ 174.915254237288138, -9.465836440677966 ], [ 174.703389830508456, -9.418327542372882 ], [ 174.491525423728802, -9.370818644067796 ], [ 174.279661016949149, -9.323309745762712 ], [ 174.067796610169495, -9.275800847457628 ], [ 173.855932203389841, -9.228291949152542 ], [ 173.644067796610159, -9.180783050847458 ], [ 173.432203389830505, -9.133274152542374 ], [ 173.220338983050851, -9.085765254237288 ], [ 173.008474576271169, -9.038256355932203 ], [ 172.796610169491515, -8.990747457627119 ], [ 172.584745762711862, -8.943238559322033 ], [ 172.372881355932208, -8.895729661016949 ], [ 172.161016949152554, -8.848220762711865 ], [ 171.949152542372872, -8.800711864406779 ], [ 171.737288135593218, -8.753202966101695 ], [ 171.525423728813564, -8.70569406779661 ], [ 171.313559322033882, -8.658185169491524 ], [ 171.101694915254228, -8.61067627118644 ], [ 170.889830508474574, -8.563167372881356 ], [ 170.677966101694921, -8.51565847457627 ], [ 170.466101694915267, -8.468149576271186 ], [ 170.254237288135585, -8.420640677966102 ], [ 170.042372881355931, -8.373131779661017 ], [ 169.830508474576277, -8.325622881355933 ], [ 169.618644067796595, -8.278113983050847 ], [ 169.406779661016941, -8.230605084745763 ], [ 169.194915254237287, -8.183096186440679 ], [ 168.983050847457633, -8.135587288135593 ], [ 168.77118644067798, -8.088078389830509 ], [ 168.559322033898297, -8.040569491525424 ], [ 168.347457627118644, -7.993060593220339 ], [ 168.13559322033899, -7.945551694915254 ], [ 167.923728813559308, -7.898042796610169 ], [ 167.711864406779654, -7.850533898305084 ], [ 167.5, -7.803025 ], [ 167.288135593220346, -7.755516101694916 ], [ 167.076271186440692, -7.70800720338983 ], [ 166.86440677966101, -7.660498305084745 ], [ 166.652542372881356, -7.61298940677966 ], [ 166.440677966101703, -7.565480508474576 ], [ 166.22881355932202, -7.517971610169491 ], [ 166.016949152542367, -7.470462711864407 ], [ 165.805084745762713, -7.422953813559322 ], [ 165.593220338983059, -7.375444915254237 ], [ 165.381355932203405, -7.327936016949153 ], [ 165.169491525423723, -7.280427118644068 ], [ 164.957627118644069, -7.232918220338983 ], [ 164.745762711864415, -7.185409322033898 ], [ 164.533898305084733, -7.137900423728814 ], [ 164.322033898305079, -7.090391525423729 ], [ 164.110169491525426, -7.042882627118644 ], [ 163.898305084745772, -6.99537372881356 ], [ 163.686440677966118, -6.947864830508474 ], [ 163.474576271186436, -6.900355932203389 ], [ 163.262711864406782, -6.852847033898305 ], [ 163.050847457627128, -6.80533813559322 ], [ 162.838983050847446, -6.757829237288135 ], [ 162.627118644067792, -6.710320338983051 ], [ 162.415254237288138, -6.662811440677967 ], [ 162.203389830508485, -6.615302542372882 ], [ 161.991525423728831, -6.567793644067797 ], [ 161.779661016949149, -6.520284745762712 ], [ 161.567796610169495, -6.472775847457627 ], [ 161.355932203389841, -6.425266949152542 ], [ 161.144067796610159, -6.377758050847458 ], [ 160.932203389830505, -6.330249152542373 ], [ 160.720338983050851, -6.282740254237288 ], [ 160.508474576271198, -6.235231355932203 ], [ 160.296610169491544, -6.187722457627118 ], [ 160.084745762711862, -6.140213559322034 ], [ 159.872881355932208, -6.092704661016949 ], [ 159.661016949152554, -6.045195762711865 ], [ 159.449152542372872, -5.99768686440678 ], [ 159.237288135593218, -5.950177966101695 ], [ 159.025423728813564, -5.90266906779661 ], [ 158.81355932203391, -5.855160169491525 ], [ 158.601694915254257, -5.80765127118644 ], [ 158.389830508474574, -5.760142372881356 ], [ 158.177966101694921, -5.712633474576272 ], [ 157.966101694915267, -5.665124576271187 ], [ 157.754237288135585, -5.617615677966102 ], [ 157.542372881355931, -5.570106779661017 ], [ 157.330508474576277, -5.522597881355932 ], [ 157.118644067796623, -5.475088983050847 ], [ 156.906779661016969, -5.427580084745763 ], [ 156.694915254237287, -5.380071186440678 ], [ 156.483050847457633, -5.332562288135593 ], [ 156.27118644067798, -5.285053389830509 ], [ 156.059322033898297, -5.237544491525424 ], [ 155.847457627118644, -5.190035593220339 ], [ 155.63559322033899, -5.142526694915254 ], [ 155.423728813559308, -5.095017796610169 ], [ 155.211864406779654, -5.047508898305084 ], [ 155.0, -5.0 ] ] ], [ [ [ -180.0, -5.0 ], [ -179.780534351145036, -5.0 ], [ -179.561068702290072, -5.0 ], [ -179.341603053435108, -5.0 ], [ -179.122137404580144, -5.0 ], [ -178.90267175572518, -5.0 ], [ -178.683206106870216, -5.0 ], [ -178.463740458015252, -5.0 ], [ -178.244274809160316, -5.0 ], [ -178.024809160305352, -5.0 ], [ -177.805343511450388, -5.0 ], [ -177.585877862595424, -5.0 ], [ -177.36641221374046, -5.0 ], [ -177.146946564885496, -5.0 ], [ -176.927480916030532, -5.0 ], [ -176.708015267175568, -5.0 ], [ -176.488549618320604, -5.0 ], [ -176.269083969465669, -5.0 ], [ -176.049618320610705, -5.0 ], [ -175.830152671755741, -5.0 ], [ -175.610687022900777, -5.0 ], [ -175.391221374045813, -5.0 ], [ -175.171755725190849, -5.0 ], [ -174.952290076335885, -5.0 ], [ -174.732824427480921, -5.0 ], [ -174.513358778625957, -5.0 ], [ -174.293893129770993, -5.0 ], [ -174.074427480916029, -5.0 ], [ -173.854961832061065, -5.0 ], [ -173.635496183206101, -5.0 ], [ -173.416030534351137, -5.0 ], [ -173.196564885496173, -5.0 ], [ -172.977099236641209, -5.0 ], [ -172.757633587786245, -5.0 ], [ -172.538167938931309, -5.0 ], [ -172.318702290076345, -5.0 ], [ -172.099236641221381, -5.0 ], [ -171.879770992366417, -5.0 ], [ -171.660305343511453, -5.0 ], [ -171.440839694656489, -5.0 ], [ -171.221374045801525, -5.0 ], [ -171.001908396946561, -5.0 ], [ -170.782442748091597, -5.0 ], [ -170.562977099236662, -5.0 ], [ -170.343511450381698, -5.0 ], [ -170.124045801526734, -5.0 ], [ -169.90458015267177, -5.0 ], [ -169.685114503816806, -5.0 ], [ -169.465648854961842, -5.0 ], [ -169.246183206106878, -5.0 ], [ -169.026717557251914, -5.0 ], [ -168.80725190839695, -5.0 ], [ -168.587786259541986, -5.0 ], [ -168.368320610687022, -5.0 ], [ -168.148854961832058, -5.0 ], [ -167.929389312977094, -5.0 ], [ -167.70992366412213, -5.0 ], [ -167.490458015267166, -5.0 ], [ -167.270992366412202, -5.0 ], [ -167.051526717557238, -5.0 ], [ -166.832061068702274, -5.0 ], [ -166.61259541984731, -5.0 ], [ -166.393129770992374, -5.0 ], [ -166.17366412213741, -5.0 ], [ -165.954198473282446, -5.0 ], [ -165.734732824427482, -5.0 ], [ -165.515267175572518, -5.0 ], [ -165.295801526717554, -5.0 ], [ -165.07633587786259, -5.0 ], [ -164.856870229007654, -5.0 ], [ -164.63740458015269, -5.0 ], [ -164.417938931297726, -5.0 ], [ -164.198473282442762, -5.0 ], [ -163.979007633587798, -5.0 ], [ -163.759541984732834, -5.0 ], [ -163.54007633587787, -5.0 ], [ -163.320610687022906, -5.0 ], [ -163.101145038167942, -5.0 ], [ -162.881679389312978, -5.0 ], [ -162.662213740458014, -5.0 ], [ -162.44274809160305, -5.0 ], [ -162.223282442748086, -5.0 ], [ -162.003816793893122, -5.0 ], [ -161.784351145038158, -5.0 ], [ -161.564885496183194, -5.0 ], [ -161.34541984732823, -5.0 ], [ -161.125954198473266, -5.0 ], [ -160.906488549618302, -5.0 ], [ -160.687022900763367, -5.0 ], [ -160.467557251908403, -5.0 ], [ -160.248091603053439, -5.0 ], [ -160.028625954198475, -5.0 ], [ -159.809160305343511, -5.0 ], [ -159.589694656488547, -5.0 ], [ -159.370229007633583, -5.0 ], [ -159.150763358778619, -5.0 ], [ -158.931297709923655, -5.0 ], [ -158.711832061068719, -5.0 ], [ -158.492366412213755, -5.0 ], [ -158.272900763358791, -5.0 ], [ -158.053435114503827, -5.0 ], [ -157.833969465648863, -5.0 ], [ -157.614503816793899, -5.0 ], [ -157.395038167938935, -5.0 ], [ -157.175572519083971, -5.0 ], [ -156.956106870229007, -5.0 ], [ -156.736641221374043, -5.0 ], [ -156.517175572519079, -5.0 ], [ -156.297709923664115, -5.0 ], [ -156.078244274809151, -5.0 ], [ -155.858778625954187, -5.0 ], [ -155.639312977099223, -5.0 ], [ -155.419847328244259, -5.0 ], [ -155.200381679389295, -5.0 ], [ -154.98091603053436, -5.0 ], [ -154.761450381679396, -5.0 ], [ -154.541984732824432, -5.0 ], [ -154.322519083969468, -5.0 ], [ -154.103053435114504, -5.0 ], [ -153.88358778625954, -5.0 ], [ -153.664122137404576, -5.0 ], [ -153.444656488549612, -5.0 ], [ -153.225190839694648, -5.0 ], [ -153.005725190839712, -5.0 ], [ -152.786259541984748, -5.0 ], [ -152.566793893129784, -5.0 ], [ -152.34732824427482, -5.0 ], [ -152.127862595419856, -5.0 ], [ -151.908396946564892, -5.0 ], [ -151.688931297709928, -5.0 ], [ -151.469465648854964, -5.0 ], [ -151.25, -5.0 ], [ -151.030534351145036, -5.0 ], [ -150.811068702290072, -5.0 ], [ -150.591603053435108, -5.0 ], [ -150.372137404580144, -5.0 ], [ -150.15267175572518, -5.0 ], [ -149.933206106870216, -5.0 ], [ -149.713740458015252, -5.0 ], [ -149.494274809160288, -5.0 ], [ -149.274809160305352, -5.0 ], [ -149.055343511450388, -5.0 ], [ -148.835877862595424, -5.0 ], [ -148.61641221374046, -5.0 ], [ -148.396946564885496, -5.0 ], [ -148.177480916030532, -5.0 ], [ -147.958015267175568, -5.0 ], [ -147.738549618320604, -5.0 ], [ -147.51908396946564, -5.0 ], [ -147.299618320610705, -5.0 ], [ -147.080152671755741, -5.0 ], [ -146.860687022900777, -5.0 ], [ -146.641221374045813, -5.0 ], [ -146.421755725190849, -5.0 ], [ -146.202290076335885, -5.0 ], [ -145.982824427480921, -5.0 ], [ -145.763358778625957, -5.0 ], [ -145.543893129770993, -5.0 ], [ -145.324427480916029, -5.0 ], [ -145.104961832061065, -5.0 ], [ -144.885496183206101, -5.0 ], [ -144.666030534351137, -5.0 ], [ -144.446564885496173, -5.0 ], [ -144.227099236641209, -5.0 ], [ -144.007633587786245, -5.0 ], [ -143.788167938931281, -5.0 ], [ -143.568702290076345, -5.0 ], [ -143.349236641221381, -5.0 ], [ -143.129770992366417, -5.0 ], [ -142.910305343511453, -5.0 ], [ -142.690839694656489, -5.0 ], [ -142.471374045801525, -5.0 ], [ -142.251908396946561, -5.0 ], [ -142.032442748091597, -5.0 ], [ -141.812977099236633, -5.0 ], [ -141.593511450381698, -5.0 ], [ -141.374045801526734, -5.0 ], [ -141.15458015267177, -5.0 ], [ -140.935114503816806, -5.0 ], [ -140.715648854961842, -5.0 ], [ -140.496183206106878, -5.0 ], [ -140.276717557251914, -5.0 ], [ -140.05725190839695, -5.0 ], [ -139.837786259541986, -5.0 ], [ -139.618320610687022, -5.0 ], [ -139.398854961832058, -5.0 ], [ -139.179389312977094, -5.0 ], [ -138.95992366412213, -5.0 ], [ -138.740458015267166, -5.0 ], [ -138.520992366412202, -5.0 ], [ -138.301526717557238, -5.0 ], [ -138.082061068702274, -5.0 ], [ -137.862595419847338, -5.0 ], [ -137.643129770992374, -5.0 ], [ -137.42366412213741, -5.0 ], [ -137.204198473282446, -5.0 ], [ -136.984732824427482, -5.0 ], [ -136.765267175572518, -5.0 ], [ -136.545801526717554, -5.0 ], [ -136.32633587786259, -5.0 ], [ -136.106870229007626, -5.0 ], [ -135.887404580152662, -5.0 ], [ -135.667938931297698, -5.0 ], [ -135.448473282442762, -5.0 ], [ -135.229007633587798, -5.0 ], [ -135.009541984732834, -5.0 ], [ -134.79007633587787, -5.0 ], [ -134.570610687022906, -5.0 ], [ -134.351145038167942, -5.0 ], [ -134.131679389312978, -5.0 ], [ -133.912213740458014, -5.0 ], [ -133.69274809160305, -5.0 ], [ -133.473282442748086, -5.0 ], [ -133.253816793893122, -5.0 ], [ -133.034351145038158, -5.0 ], [ -132.814885496183194, -5.0 ], [ -132.59541984732823, -5.0 ], [ -132.375954198473266, -5.0 ], [ -132.156488549618331, -5.0 ], [ -131.937022900763367, -5.0 ], [ -131.717557251908403, -5.0 ], [ -131.498091603053439, -5.0 ], [ -131.278625954198475, -5.0 ], [ -131.059160305343511, -5.0 ], [ -130.839694656488547, -5.0 ], [ -130.620229007633583, -5.0 ], [ -130.400763358778619, -5.0 ], [ -130.181297709923655, -5.0 ], [ -129.961832061068691, -5.0 ], [ -129.742366412213755, -5.0 ], [ -129.522900763358791, -5.0 ], [ -129.303435114503827, -5.0 ], [ -129.083969465648863, -5.0 ], [ -128.864503816793899, -5.0 ], [ -128.645038167938935, -5.0 ], [ -128.425572519083971, -5.0 ], [ -128.206106870229007, -5.0 ], [ -127.986641221374043, -5.0 ], [ -127.767175572519079, -5.0 ], [ -127.547709923664115, -5.0 ], [ -127.328244274809165, -5.0 ], [ -127.108778625954201, -5.0 ], [ -126.889312977099237, -5.0 ], [ -126.669847328244273, -5.0 ], [ -126.450381679389309, -5.0 ], [ -126.23091603053436, -5.0 ], [ -126.011450381679396, -5.0 ], [ -125.791984732824432, -5.0 ], [ -125.572519083969468, -5.0 ], [ -125.353053435114504, -5.0 ], [ -125.13358778625954, -5.0 ], [ -124.914122137404576, -5.0 ], [ -124.694656488549612, -5.0 ], [ -124.475190839694648, -5.0 ], [ -124.255725190839698, -5.0 ], [ -124.036259541984734, -5.0 ], [ -123.81679389312977, -5.0 ], [ -123.597328244274806, -5.0 ], [ -123.377862595419842, -5.0 ], [ -123.158396946564892, -5.0 ], [ -122.938931297709928, -5.0 ], [ -122.719465648854964, -5.0 ], [ -122.5, -5.0 ], [ -122.5, -5.215116279069768 ], [ -122.5, -5.430232558139537 ], [ -122.5, -5.645348837209304 ], [ -122.5, -5.86046511627907 ], [ -122.5, -6.075581395348838 ], [ -122.5, -6.290697674418606 ], [ -122.5, -6.505813953488373 ], [ -122.5, -6.720930232558139 ], [ -122.5, -6.936046511627907 ], [ -122.5, -7.151162790697676 ], [ -122.5, -7.366279069767443 ], [ -122.5, -7.58139534883721 ], [ -122.5, -7.796511627906978 ], [ -122.5, -8.011627906976745 ], [ -122.5, -8.226744186046513 ], [ -122.5, -8.44186046511628 ], [ -122.5, -8.656976744186046 ], [ -122.5, -8.872093023255815 ], [ -122.5, -9.087209302325583 ], [ -122.5, -9.302325581395349 ], [ -122.5, -9.517441860465116 ], [ -122.5, -9.732558139534884 ], [ -122.5, -9.947674418604652 ], [ -122.5, -10.162790697674419 ], [ -122.5, -10.377906976744185 ], [ -122.5, -10.593023255813954 ], [ -122.5, -10.808139534883722 ], [ -122.5, -11.023255813953488 ], [ -122.5, -11.238372093023255 ], [ -122.5, -11.453488372093023 ], [ -122.5, -11.668604651162791 ], [ -122.5, -11.883720930232558 ], [ -122.5, -12.098837209302324 ], [ -122.5, -12.313953488372093 ], [ -122.5, -12.529069767441861 ], [ -122.5, -12.744186046511627 ], [ -122.5, -12.959302325581394 ], [ -122.5, -13.174418604651162 ], [ -122.5, -13.38953488372093 ], [ -122.5, -13.604651162790699 ], [ -122.5, -13.819767441860467 ], [ -122.5, -14.034883720930234 ], [ -122.5, -14.25 ], [ -122.5, -14.465116279069768 ], [ -122.5, -14.680232558139537 ], [ -122.5, -14.895348837209303 ], [ -122.5, -15.11046511627907 ], [ -122.5, -15.325581395348838 ], [ -122.5, -15.540697674418606 ], [ -122.5, -15.755813953488373 ], [ -122.5, -15.970930232558139 ], [ -122.5, -16.186046511627907 ], [ -122.5, -16.401162790697676 ], [ -122.5, -16.616279069767444 ], [ -122.5, -16.831395348837212 ], [ -122.5, -17.046511627906977 ], [ -122.5, -17.261627906976742 ], [ -122.5, -17.47674418604651 ], [ -122.5, -17.691860465116278 ], [ -122.5, -17.906976744186046 ], [ -122.5, -18.122093023255815 ], [ -122.5, -18.337209302325583 ], [ -122.5, -18.552325581395351 ], [ -122.5, -18.767441860465116 ], [ -122.5, -18.982558139534884 ], [ -122.5, -19.197674418604652 ], [ -122.5, -19.412790697674417 ], [ -122.5, -19.627906976744185 ], [ -122.5, -19.843023255813954 ], [ -122.5, -20.058139534883722 ], [ -122.5, -20.27325581395349 ], [ -122.5, -20.488372093023255 ], [ -122.5, -20.703488372093023 ], [ -122.5, -20.918604651162791 ], [ -122.5, -21.133720930232556 ], [ -122.5, -21.348837209302324 ], [ -122.5, -21.563953488372093 ], [ -122.5, -21.779069767441861 ], [ -122.5, -21.994186046511629 ], [ -122.5, -22.209302325581394 ], [ -122.5, -22.424418604651162 ], [ -122.5, -22.63953488372093 ], [ -122.5, -22.854651162790695 ], [ -122.5, -23.069767441860463 ], [ -122.5, -23.284883720930232 ], [ -122.5, -23.5 ], [ -122.714552238805965, -23.451888246268656 ], [ -122.929104477611929, -23.403776492537311 ], [ -123.143656716417908, -23.35566473880597 ], [ -123.358208955223887, -23.307552985074629 ], [ -123.572761194029852, -23.259441231343285 ], [ -123.787313432835816, -23.21132947761194 ], [ -124.001865671641781, -23.163217723880596 ], [ -124.21641791044776, -23.115105970149251 ], [ -124.430970149253739, -23.06699421641791 ], [ -124.645522388059703, -23.01888246268657 ], [ -124.860074626865668, -22.970770708955225 ], [ -125.074626865671632, -22.922658955223881 ], [ -125.289179104477611, -22.874547201492536 ], [ -125.50373134328359, -22.826435447761192 ], [ -125.718283582089555, -22.778323694029851 ], [ -125.932835820895519, -22.73021194029851 ], [ -126.147388059701484, -22.682100186567165 ], [ -126.361940298507463, -22.633988432835821 ], [ -126.576492537313442, -22.585876679104476 ], [ -126.791044776119406, -22.537764925373132 ], [ -127.005597014925371, -22.489653171641791 ], [ -127.220149253731336, -22.44154141791045 ], [ -127.4347014925373, -22.393429664179106 ], [ -127.649253731343279, -22.345317910447761 ], [ -127.863805970149258, -22.297206156716417 ], [ -128.078358208955223, -22.249094402985072 ], [ -128.292910447761187, -22.200982649253731 ], [ -128.507462686567152, -22.152870895522391 ], [ -128.722014925373117, -22.104759141791046 ], [ -128.93656716417911, -22.056647388059702 ], [ -129.151119402985074, -22.008535634328357 ], [ -129.365671641791039, -21.960423880597013 ], [ -129.580223880597003, -21.912312126865672 ], [ -129.794776119402968, -21.864200373134331 ], [ -130.009328358208961, -21.816088619402986 ], [ -130.223880597014926, -21.767976865671642 ], [ -130.43843283582089, -21.719865111940297 ], [ -130.652985074626855, -21.671753358208953 ], [ -130.86753731343282, -21.623641604477612 ], [ -131.082089552238813, -21.575529850746271 ], [ -131.296641791044777, -21.527418097014927 ], [ -131.511194029850742, -21.479306343283582 ], [ -131.725746268656707, -21.431194589552238 ], [ -131.940298507462671, -21.383082835820893 ], [ -132.154850746268664, -21.334971082089552 ], [ -132.369402985074629, -21.286859328358211 ], [ -132.583955223880594, -21.238747574626867 ], [ -132.798507462686558, -21.190635820895523 ], [ -133.013059701492523, -21.142524067164178 ], [ -133.227611940298516, -21.094412313432834 ], [ -133.442164179104481, -21.046300559701493 ], [ -133.656716417910445, -20.998188805970152 ], [ -133.87126865671641, -20.950077052238807 ], [ -134.085820895522374, -20.901965298507463 ], [ -134.300373134328368, -20.853853544776118 ], [ -134.514925373134332, -20.805741791044774 ], [ -134.729477611940297, -20.757630037313433 ], [ -134.944029850746261, -20.709518283582092 ], [ -135.158582089552226, -20.661406529850748 ], [ -135.373134328358219, -20.613294776119403 ], [ -135.587686567164184, -20.565183022388059 ], [ -135.802238805970148, -20.517071268656714 ], [ -136.016791044776113, -20.468959514925373 ], [ -136.231343283582078, -20.420847761194032 ], [ -136.445895522388071, -20.372736007462688 ], [ -136.660447761194035, -20.324624253731344 ], [ -136.875, -20.2765125 ], [ -137.089552238805965, -20.228400746268655 ], [ -137.304104477611929, -20.180288992537314 ], [ -137.518656716417922, -20.132177238805973 ], [ -137.733208955223887, -20.084065485074628 ], [ -137.947761194029852, -20.035953731343284 ], [ -138.162313432835816, -19.987841977611939 ], [ -138.376865671641781, -19.939730223880595 ], [ -138.591417910447774, -19.891618470149254 ], [ -138.805970149253739, -19.84350671641791 ], [ -139.020522388059703, -19.795394962686565 ], [ -139.235074626865668, -19.747283208955224 ], [ -139.449626865671632, -19.69917145522388 ], [ -139.664179104477626, -19.651059701492535 ], [ -139.87873134328359, -19.602947947761194 ], [ -140.093283582089555, -19.55483619402985 ], [ -140.307835820895519, -19.506724440298505 ], [ -140.522388059701484, -19.458612686567164 ], [ -140.736940298507477, -19.41050093283582 ], [ -140.951492537313442, -19.362389179104476 ], [ -141.166044776119406, -19.314277425373135 ], [ -141.380597014925371, -19.26616567164179 ], [ -141.595149253731336, -19.218053917910446 ], [ -141.809701492537329, -19.169942164179105 ], [ -142.024253731343293, -19.12183041044776 ], [ -142.238805970149258, -19.073718656716416 ], [ -142.453358208955223, -19.025606902985075 ], [ -142.667910447761187, -18.97749514925373 ], [ -142.882462686567152, -18.929383395522386 ], [ -143.097014925373117, -18.881271641791045 ], [ -143.31156716417911, -18.833159888059701 ], [ -143.526119402985074, -18.785048134328356 ], [ -143.740671641791039, -18.736936380597015 ], [ -143.955223880597003, -18.688824626865671 ], [ -144.169776119402968, -18.640712873134326 ], [ -144.384328358208961, -18.592601119402985 ], [ -144.598880597014926, -18.544489365671641 ], [ -144.81343283582089, -18.496377611940297 ], [ -145.027985074626855, -18.448265858208956 ], [ -145.24253731343282, -18.400154104477611 ], [ -145.457089552238813, -18.352042350746267 ], [ -145.671641791044777, -18.303930597014926 ], [ -145.886194029850742, -18.255818843283581 ], [ -146.100746268656707, -18.207707089552237 ], [ -146.315298507462671, -18.159595335820896 ], [ -146.529850746268664, -18.111483582089551 ], [ -146.744402985074629, -18.063371828358207 ], [ -146.958955223880594, -18.015260074626866 ], [ -147.173507462686558, -17.967148320895522 ], [ -147.388059701492523, -17.919036567164177 ], [ -147.602611940298516, -17.870924813432836 ], [ -147.817164179104481, -17.822813059701492 ], [ -148.031716417910445, -17.774701305970147 ], [ -148.24626865671641, -17.726589552238806 ], [ -148.460820895522374, -17.678477798507462 ], [ -148.675373134328368, -17.630366044776117 ], [ -148.889925373134332, -17.582254291044777 ], [ -149.104477611940297, -17.534142537313432 ], [ -149.319029850746261, -17.486030783582088 ], [ -149.533582089552226, -17.437919029850747 ], [ -149.748134328358219, -17.389807276119402 ], [ -149.962686567164184, -17.341695522388058 ], [ -150.177238805970148, -17.293583768656717 ], [ -150.391791044776113, -17.245472014925372 ], [ -150.606343283582078, -17.197360261194028 ], [ -150.820895522388071, -17.149248507462687 ], [ -151.035447761194035, -17.101136753731346 ], [ -151.25, -17.053025 ], [ -151.464552238805965, -17.004913246268657 ], [ -151.679104477611929, -16.956801492537313 ], [ -151.893656716417922, -16.908689738805968 ], [ -152.108208955223887, -16.860577985074627 ], [ -152.322761194029852, -16.812466231343283 ], [ -152.537313432835816, -16.764354477611938 ], [ -152.751865671641781, -16.716242723880598 ], [ -152.966417910447774, -16.668130970149253 ], [ -153.180970149253739, -16.620019216417909 ], [ -153.395522388059703, -16.571907462686568 ], [ -153.610074626865668, -16.523795708955223 ], [ -153.824626865671632, -16.475683955223879 ], [ -154.039179104477626, -16.427572201492538 ], [ -154.25373134328359, -16.379460447761193 ], [ -154.468283582089555, -16.331348694029849 ], [ -154.682835820895519, -16.283236940298508 ], [ -154.897388059701484, -16.235125186567164 ], [ -155.111940298507477, -16.187013432835819 ], [ -155.326492537313442, -16.138901679104478 ], [ -155.541044776119406, -16.090789925373134 ], [ -155.755597014925371, -16.042678171641789 ], [ -155.970149253731336, -15.994566417910448 ], [ -156.184701492537329, -15.946454664179104 ], [ -156.399253731343293, -15.898342910447761 ], [ -156.613805970149258, -15.850231156716418 ], [ -156.828358208955223, -15.802119402985074 ], [ -157.042910447761187, -15.754007649253731 ], [ -157.257462686567152, -15.705895895522389 ], [ -157.472014925373117, -15.657784141791044 ], [ -157.68656716417911, -15.609672388059701 ], [ -157.901119402985074, -15.561560634328359 ], [ -158.115671641791039, -15.513448880597014 ], [ -158.330223880597032, -15.465337126865672 ], [ -158.544776119402997, -15.417225373134329 ], [ -158.759328358208961, -15.369113619402984 ], [ -158.973880597014926, -15.321001865671642 ], [ -159.18843283582089, -15.272890111940299 ], [ -159.402985074626855, -15.224778358208955 ], [ -159.61753731343282, -15.176666604477612 ], [ -159.832089552238813, -15.128554850746269 ], [ -160.046641791044777, -15.080443097014925 ], [ -160.261194029850742, -15.032331343283582 ], [ -160.475746268656707, -14.984219589552239 ], [ -160.690298507462671, -14.936107835820895 ], [ -160.904850746268664, -14.887996082089552 ], [ -161.119402985074629, -14.83988432835821 ], [ -161.333955223880594, -14.791772574626865 ], [ -161.548507462686558, -14.743660820895522 ], [ -161.763059701492523, -14.69554906716418 ], [ -161.977611940298516, -14.647437313432835 ], [ -162.192164179104481, -14.599325559701493 ], [ -162.406716417910445, -14.55121380597015 ], [ -162.62126865671641, -14.503102052238805 ], [ -162.835820895522374, -14.454990298507463 ], [ -163.050373134328368, -14.40687854477612 ], [ -163.264925373134332, -14.358766791044776 ], [ -163.479477611940297, -14.310655037313433 ], [ -163.694029850746261, -14.26254328358209 ], [ -163.908582089552226, -14.214431529850746 ], [ -164.123134328358219, -14.166319776119403 ], [ -164.337686567164184, -14.11820802238806 ], [ -164.552238805970148, -14.070096268656716 ], [ -164.766791044776113, -14.021984514925373 ], [ -164.981343283582078, -13.973872761194031 ], [ -165.195895522388071, -13.925761007462686 ], [ -165.410447761194035, -13.877649253731343 ], [ -165.625, -13.8295375 ], [ -165.839552238805965, -13.781425746268656 ], [ -166.054104477611929, -13.733313992537314 ], [ -166.268656716417922, -13.685202238805971 ], [ -166.483208955223887, -13.637090485074626 ], [ -166.697761194029852, -13.588978731343284 ], [ -166.912313432835816, -13.540866977611941 ], [ -167.126865671641781, -13.492755223880597 ], [ -167.341417910447774, -13.444643470149254 ], [ -167.555970149253739, -13.396531716417911 ], [ -167.770522388059703, -13.348419962686567 ], [ -167.985074626865668, -13.300308208955224 ], [ -168.199626865671632, -13.252196455223881 ], [ -168.414179104477626, -13.204084701492537 ], [ -168.62873134328359, -13.155972947761194 ], [ -168.843283582089555, -13.107861194029852 ], [ -169.057835820895519, -13.059749440298507 ], [ -169.272388059701484, -13.011637686567164 ], [ -169.486940298507477, -12.963525932835822 ], [ -169.701492537313442, -12.915414179104477 ], [ -169.916044776119406, -12.867302425373135 ], [ -170.130597014925371, -12.819190671641792 ], [ -170.345149253731336, -12.771078917910447 ], [ -170.5597014925373, -12.722967164179105 ], [ -170.774253731343265, -12.674855410447762 ], [ -170.988805970149258, -12.626743656716418 ], [ -171.203358208955223, -12.578631902985075 ], [ -171.417910447761187, -12.530520149253732 ], [ -171.63246268656718, -12.482408395522388 ], [ -171.847014925373145, -12.434296641791045 ], [ -172.06156716417911, -12.386184888059702 ], [ -172.276119402985074, -12.338073134328358 ], [ -172.490671641791039, -12.289961380597013 ], [ -172.705223880597003, -12.241849626865671 ], [ -172.919776119402968, -12.193737873134328 ], [ -173.134328358208961, -12.145626119402985 ], [ -173.348880597014926, -12.097514365671643 ], [ -173.56343283582089, -12.049402611940298 ], [ -173.777985074626883, -12.001290858208954 ], [ -173.992537313432848, -11.953179104477611 ], [ -174.207089552238813, -11.905067350746268 ], [ -174.421641791044777, -11.856955597014926 ], [ -174.636194029850742, -11.808843843283583 ], [ -174.850746268656707, -11.760732089552238 ], [ -175.065298507462671, -11.712620335820894 ], [ -175.279850746268664, -11.664508582089551 ], [ -175.494402985074629, -11.616396828358209 ], [ -175.708955223880594, -11.568285074626866 ], [ -175.923507462686558, -11.520173320895523 ], [ -176.138059701492523, -11.472061567164179 ], [ -176.352611940298516, -11.423949813432834 ], [ -176.567164179104481, -11.375838059701492 ], [ -176.781716417910445, -11.327726305970149 ], [ -176.99626865671641, -11.279614552238806 ], [ -177.210820895522374, -11.231502798507464 ], [ -177.425373134328368, -11.183391044776119 ], [ -177.639925373134332, -11.135279291044775 ], [ -177.854477611940297, -11.087167537313432 ], [ -178.069029850746261, -11.039055783582089 ], [ -178.283582089552226, -10.990944029850747 ], [ -178.498134328358219, -10.942832276119404 ], [ -178.712686567164184, -10.894720522388059 ], [ -178.927238805970148, -10.846608768656715 ], [ -179.141791044776113, -10.798497014925372 ], [ -179.356343283582078, -10.75038526119403 ], [ -179.570895522388071, -10.702273507462687 ], [ -179.785447761194035, -10.654161753731344 ], [ -180.0, -10.60605 ], [ -180.0, -10.390432692307693 ], [ -180.0, -10.174815384615385 ], [ -180.0, -9.959198076923077 ], [ -180.0, -9.743580769230769 ], [ -180.0, -9.527963461538462 ], [ -180.0, -9.312346153846153 ], [ -180.0, -9.096728846153846 ], [ -180.0, -8.881111538461539 ], [ -180.0, -8.66549423076923 ], [ -180.0, -8.449876923076923 ], [ -180.0, -8.234259615384616 ], [ -180.0, -8.018642307692307 ], [ -180.0, -7.803025 ], [ -180.0, -7.587407692307693 ], [ -180.0, -7.371790384615385 ], [ -180.0, -7.156173076923077 ], [ -180.0, -6.94055576923077 ], [ -180.0, -6.724938461538462 ], [ -180.0, -6.509321153846154 ], [ -180.0, -6.293703846153846 ], [ -180.0, -6.078086538461538 ], [ -180.0, -5.86246923076923 ], [ -180.0, -5.646851923076923 ], [ -180.0, -5.431234615384615 ], [ -180.0, -5.215617307692307 ], [ -180.0, -5.0 ] ] ] ] } },
{ "type": "Feature", "properties": { "ID": "ID5", "name": "Southwest_SPCZ", "layer": "small-islands_v2", "path": "\/media\/maialen\/work\/WORK\/GIT\/ATLAS\/reference-regions\/small-islands.geojson" }, "geometry": { "type": "MultiPolygon", "coordinates": [ [ [ [ 141.0, -5.0 ], [ 141.21875, -5.0 ], [ 141.4375, -5.0 ], [ 141.65625, -5.0 ], [ 141.875, -5.0 ], [ 142.09375, -5.0 ], [ 142.3125, -5.0 ], [ 142.53125, -5.0 ], [ 142.75, -5.0 ], [ 142.96875, -5.0 ], [ 143.1875, -5.0 ], [ 143.40625, -5.0 ], [ 143.625, -5.0 ], [ 143.84375, -5.0 ], [ 144.0625, -5.0 ], [ 144.28125, -5.0 ], [ 144.5, -5.0 ], [ 144.71875, -5.0 ], [ 144.9375, -5.0 ], [ 145.15625, -5.0 ], [ 145.375, -5.0 ], [ 145.59375, -5.0 ], [ 145.8125, -5.0 ], [ 146.03125, -5.0 ], [ 146.25, -5.0 ], [ 146.46875, -5.0 ], [ 146.6875, -5.0 ], [ 146.90625, -5.0 ], [ 147.125, -5.0 ], [ 147.34375, -5.0 ], [ 147.5625, -5.0 ], [ 147.78125, -5.0 ], [ 148.0, -5.0 ], [ 148.21875, -5.0 ], [ 148.4375, -5.0 ], [ 148.65625, -5.0 ], [ 148.875, -5.0 ], [ 149.09375, -5.0 ], [ 149.3125, -5.0 ], [ 149.53125, -5.0 ], [ 149.75, -5.0 ], [ 149.96875, -5.0 ], [ 150.1875, -5.0 ], [ 150.40625, -5.0 ], [ 150.625, -5.0 ], [ 150.84375, -5.0 ], [ 151.0625, -5.0 ], [ 151.28125, -5.0 ], [ 151.5, -5.0 ], [ 151.71875, -5.0 ], [ 151.9375, -5.0 ], [ 152.15625, -5.0 ], [ 152.375, -5.0 ], [ 152.59375, -5.0 ], [ 152.8125, -5.0 ], [ 153.03125, -5.0 ], [ 153.25, -5.0 ], [ 153.46875, -5.0 ], [ 153.6875, -5.0 ], [ 153.90625, -5.0 ], [ 154.125, -5.0 ], [ 154.34375, -5.0 ], [ 154.5625, -5.0 ], [ 154.78125, -5.0 ], [ 155.0, -5.0 ], [ 155.211864406779682, -5.047508898305084 ], [ 155.423728813559336, -5.095017796610169 ], [ 155.63559322033899, -5.142526694915254 ], [ 155.847457627118644, -5.190035593220339 ], [ 156.059322033898297, -5.237544491525424 ], [ 156.27118644067798, -5.285053389830509 ], [ 156.483050847457633, -5.332562288135593 ], [ 156.694915254237287, -5.380071186440678 ], [ 156.906779661016969, -5.427580084745763 ], [ 157.118644067796623, -5.475088983050847 ], [ 157.330508474576277, -5.522597881355932 ], [ 157.542372881355931, -5.570106779661017 ], [ 157.754237288135585, -5.617615677966102 ], [ 157.966101694915267, -5.665124576271186 ], [ 158.177966101694921, -5.712633474576271 ], [ 158.389830508474574, -5.760142372881356 ], [ 158.601694915254257, -5.80765127118644 ], [ 158.81355932203391, -5.855160169491525 ], [ 159.025423728813564, -5.90266906779661 ], [ 159.237288135593218, -5.950177966101695 ], [ 159.449152542372872, -5.99768686440678 ], [ 159.661016949152554, -6.045195762711865 ], [ 159.872881355932208, -6.092704661016949 ], [ 160.084745762711862, -6.140213559322033 ], [ 160.296610169491544, -6.187722457627117 ], [ 160.508474576271198, -6.235231355932203 ], [ 160.720338983050851, -6.282740254237288 ], [ 160.932203389830505, -6.330249152542373 ], [ 161.144067796610159, -6.377758050847458 ], [ 161.355932203389841, -6.425266949152542 ], [ 161.567796610169495, -6.472775847457627 ], [ 161.779661016949149, -6.520284745762712 ], [ 161.991525423728831, -6.567793644067797 ], [ 162.203389830508485, -6.615302542372882 ], [ 162.415254237288138, -6.662811440677967 ], [ 162.627118644067792, -6.710320338983051 ], [ 162.838983050847446, -6.757829237288135 ], [ 163.050847457627128, -6.80533813559322 ], [ 163.262711864406782, -6.852847033898305 ], [ 163.474576271186436, -6.900355932203389 ], [ 163.686440677966118, -6.947864830508474 ], [ 163.898305084745772, -6.99537372881356 ], [ 164.110169491525426, -7.042882627118644 ], [ 164.322033898305079, -7.090391525423729 ], [ 164.533898305084733, -7.137900423728814 ], [ 164.745762711864415, -7.185409322033898 ], [ 164.957627118644069, -7.232918220338982 ], [ 165.169491525423723, -7.280427118644067 ], [ 165.381355932203405, -7.327936016949153 ], [ 165.593220338983059, -7.375444915254237 ], [ 165.805084745762713, -7.422953813559322 ], [ 166.016949152542367, -7.470462711864407 ], [ 166.22881355932202, -7.517971610169491 ], [ 166.440677966101703, -7.565480508474576 ], [ 166.652542372881356, -7.61298940677966 ], [ 166.86440677966101, -7.660498305084745 ], [ 167.076271186440692, -7.70800720338983 ], [ 167.288135593220346, -7.755516101694916 ], [ 167.5, -7.803025 ], [ 167.711864406779654, -7.850533898305084 ], [ 167.923728813559308, -7.898042796610169 ], [ 168.13559322033899, -7.945551694915254 ], [ 168.347457627118644, -7.993060593220339 ], [ 168.559322033898297, -8.040569491525424 ], [ 168.77118644067798, -8.088078389830509 ], [ 168.983050847457633, -8.135587288135593 ], [ 169.194915254237287, -8.183096186440679 ], [ 169.406779661016941, -8.230605084745763 ], [ 169.618644067796595, -8.278113983050847 ], [ 169.830508474576277, -8.325622881355931 ], [ 170.042372881355931, -8.373131779661016 ], [ 170.254237288135585, -8.420640677966102 ], [ 170.466101694915267, -8.468149576271186 ], [ 170.677966101694921, -8.51565847457627 ], [ 170.889830508474574, -8.563167372881356 ], [ 171.101694915254228, -8.61067627118644 ], [ 171.313559322033882, -8.658185169491524 ], [ 171.525423728813564, -8.70569406779661 ], [ 171.737288135593218, -8.753202966101695 ], [ 171.949152542372872, -8.800711864406779 ], [ 172.161016949152554, -8.848220762711865 ], [ 172.372881355932208, -8.895729661016949 ], [ 172.584745762711862, -8.943238559322033 ], [ 172.796610169491515, -8.990747457627119 ], [ 173.008474576271169, -9.038256355932203 ], [ 173.220338983050851, -9.085765254237288 ], [ 173.432203389830505, -9.133274152542374 ], [ 173.644067796610159, -9.180783050847458 ], [ 173.855932203389841, -9.228291949152542 ], [ 174.067796610169495, -9.275800847457628 ], [ 174.279661016949149, -9.323309745762712 ], [ 174.491525423728802, -9.370818644067796 ], [ 174.703389830508456, -9.418327542372881 ], [ 174.915254237288138, -9.465836440677965 ], [ 175.127118644067792, -9.513345338983051 ], [ 175.338983050847446, -9.560854237288135 ], [ 175.550847457627128, -9.608363135593219 ], [ 175.762711864406782, -9.655872033898305 ], [ 175.974576271186436, -9.703380932203389 ], [ 176.18644067796609, -9.750889830508473 ], [ 176.398305084745743, -9.798398728813559 ], [ 176.610169491525426, -9.845907627118644 ], [ 176.822033898305079, -9.893416525423728 ], [ 177.033898305084733, -9.940925423728814 ], [ 177.245762711864415, -9.988434322033898 ], [ 177.457627118644069, -10.035943220338982 ], [ 177.669491525423723, -10.083452118644068 ], [ 177.881355932203377, -10.130961016949152 ], [ 178.093220338983031, -10.178469915254237 ], [ 178.305084745762713, -10.225978813559323 ], [ 178.516949152542367, -10.273487711864407 ], [ 178.72881355932202, -10.320996610169491 ], [ 178.940677966101703, -10.368505508474575 ], [ 179.152542372881356, -10.416014406779659 ], [ 179.36440677966101, -10.463523305084745 ], [ 179.576271186440692, -10.511032203389831 ], [ 179.788135593220346, -10.558541101694916 ], [ 180.0, -10.60605 ], [ 180.0, -10.820949166666667 ], [ 180.0, -11.035848333333334 ], [ 180.0, -11.2507475 ], [ 180.0, -11.465646666666666 ], [ 180.0, -11.680545833333333 ], [ 180.0, -11.895445 ], [ 180.0, -12.110344166666668 ], [ 180.0, -12.325243333333333 ], [ 180.0, -12.5401425 ], [ 180.0, -12.755041666666667 ], [ 180.0, -12.969940833333332 ], [ 180.0, -13.18484 ], [ 180.0, -13.399739166666667 ], [ 180.0, -13.614638333333334 ], [ 180.0, -13.8295375 ], [ 180.0, -14.044436666666666 ], [ 180.0, -14.259335833333333 ], [ 180.0, -14.474235 ], [ 180.0, -14.689134166666667 ], [ 180.0, -14.904033333333334 ], [ 180.0, -15.1189325 ], [ 180.0, -15.333831666666667 ], [ 180.0, -15.548730833333334 ], [ 180.0, -15.76363 ], [ 180.0, -15.978529166666666 ], [ 180.0, -16.193428333333333 ], [ 180.0, -16.4083275 ], [ 180.0, -16.623226666666667 ], [ 180.0, -16.838125833333336 ], [ 180.0, -17.053025 ], [ 180.0, -17.267924166666667 ], [ 180.0, -17.482823333333332 ], [ 180.0, -17.6977225 ], [ 180.0, -17.912621666666666 ], [ 180.0, -18.127520833333335 ], [ 180.0, -18.34242 ], [ 180.0, -18.557319166666666 ], [ 180.0, -18.772218333333335 ], [ 180.0, -18.9871175 ], [ 180.0, -19.202016666666665 ], [ 180.0, -19.416915833333334 ], [ 180.0, -19.631815 ], [ 180.0, -19.846714166666665 ], [ 180.0, -20.061613333333334 ], [ 180.0, -20.2765125 ], [ 180.0, -20.491411666666664 ], [ 180.0, -20.706310833333333 ], [ 180.0, -20.92121 ], [ 180.0, -21.136109166666664 ], [ 180.0, -21.351008333333333 ], [ 180.0, -21.5659075 ], [ 180.0, -21.780806666666667 ], [ 180.0, -21.995705833333332 ], [ 180.0, -22.210605 ], [ 180.0, -22.425504166666666 ], [ 180.0, -22.640403333333332 ], [ 180.0, -22.8553025 ], [ 180.0, -23.070201666666666 ], [ 180.0, -23.285100833333331 ], [ 180.0, -23.5 ], [ 179.78365384615384, -23.5 ], [ 179.567307692307679, -23.5 ], [ 179.350961538461547, -23.5 ], [ 179.134615384615387, -23.5 ], [ 178.918269230769226, -23.5 ], [ 178.701923076923066, -23.5 ], [ 178.485576923076906, -23.5 ], [ 178.269230769230774, -23.5 ], [ 178.052884615384613, -23.5 ], [ 177.836538461538453, -23.5 ], [ 177.620192307692321, -23.5 ], [ 177.40384615384616, -23.5 ], [ 177.1875, -23.5 ], [ 176.97115384615384, -23.5 ], [ 176.754807692307679, -23.5 ], [ 176.538461538461547, -23.5 ], [ 176.322115384615387, -23.5 ], [ 176.105769230769226, -23.5 ], [ 175.889423076923094, -23.5 ], [ 175.673076923076934, -23.5 ], [ 175.456730769230774, -23.5 ], [ 175.240384615384613, -23.5 ], [ 175.024038461538453, -23.5 ], [ 174.807692307692321, -23.5 ], [ 174.59134615384616, -23.5 ], [ 174.375, -23.5 ], [ 174.15865384615384, -23.5 ], [ 173.942307692307679, -23.5 ], [ 173.725961538461547, -23.5 ], [ 173.509615384615387, -23.5 ], [ 173.293269230769226, -23.5 ], [ 173.076923076923066, -23.5 ], [ 172.860576923076906, -23.5 ], [ 172.644230769230774, -23.5 ], [ 172.427884615384613, -23.5 ], [ 172.211538461538453, -23.5 ], [ 171.995192307692321, -23.5 ], [ 171.77884615384616, -23.5 ], [ 171.5625, -23.5 ], [ 171.34615384615384, -23.5 ], [ 171.129807692307679, -23.5 ], [ 170.913461538461547, -23.5 ], [ 170.697115384615387, -23.5 ], [ 170.480769230769226, -23.5 ], [ 170.264423076923094, -23.5 ], [ 170.048076923076934, -23.5 ], [ 169.831730769230774, -23.5 ], [ 169.615384615384613, -23.5 ], [ 169.399038461538453, -23.5 ], [ 169.182692307692321, -23.5 ], [ 168.96634615384616, -23.5 ], [ 168.75, -23.5 ], [ 168.53365384615384, -23.5 ], [ 168.317307692307679, -23.5 ], [ 168.100961538461547, -23.5 ], [ 167.884615384615387, -23.5 ], [ 167.668269230769226, -23.5 ], [ 167.451923076923066, -23.5 ], [ 167.235576923076906, -23.5 ], [ 167.019230769230774, -23.5 ], [ 166.802884615384613, -23.5 ], [ 166.586538461538453, -23.5 ], [ 166.370192307692321, -23.5 ], [ 166.15384615384616, -23.5 ], [ 165.9375, -23.5 ], [ 165.72115384615384, -23.5 ], [ 165.504807692307679, -23.5 ], [ 165.288461538461547, -23.5 ], [ 165.072115384615387, -23.5 ], [ 164.855769230769226, -23.5 ], [ 164.639423076923094, -23.5 ], [ 164.423076923076934, -23.5 ], [ 164.206730769230774, -23.5 ], [ 163.990384615384613, -23.5 ], [ 163.774038461538453, -23.5 ], [ 163.557692307692321, -23.5 ], [ 163.34134615384616, -23.5 ], [ 163.125, -23.5 ], [ 162.90865384615384, -23.5 ], [ 162.692307692307679, -23.5 ], [ 162.475961538461547, -23.5 ], [ 162.259615384615387, -23.5 ], [ 162.043269230769226, -23.5 ], [ 161.826923076923066, -23.5 ], [ 161.610576923076906, -23.5 ], [ 161.394230769230774, -23.5 ], [ 161.177884615384613, -23.5 ], [ 160.961538461538453, -23.5 ], [ 160.745192307692321, -23.5 ], [ 160.52884615384616, -23.5 ], [ 160.3125, -23.5 ], [ 160.09615384615384, -23.5 ], [ 159.879807692307679, -23.5 ], [ 159.663461538461547, -23.5 ], [ 159.447115384615387, -23.5 ], [ 159.230769230769226, -23.5 ], [ 159.014423076923094, -23.5 ], [ 158.798076923076934, -23.5 ], [ 158.581730769230774, -23.5 ], [ 158.365384615384613, -23.5 ], [ 158.149038461538453, -23.5 ], [ 157.932692307692321, -23.5 ], [ 157.71634615384616, -23.5 ], [ 157.5, -23.5 ], [ 157.35526315789474, -23.337719298245617 ], [ 157.21052631578948, -23.17543859649123 ], [ 157.06578947368422, -23.013157894736842 ], [ 156.921052631578959, -22.850877192982455 ], [ 156.776315789473699, -22.688596491228068 ], [ 156.631578947368411, -22.526315789473685 ], [ 156.48684210526315, -22.364035087719298 ], [ 156.34210526315789, -22.201754385964911 ], [ 156.19736842105263, -22.039473684210527 ], [ 156.05263157894737, -21.87719298245614 ], [ 155.90789473684211, -21.714912280701753 ], [ 155.76315789473685, -21.55263157894737 ], [ 155.618421052631589, -21.390350877192983 ], [ 155.473684210526329, -21.228070175438596 ], [ 155.328947368421041, -21.065789473684212 ], [ 155.18421052631578, -20.903508771929825 ], [ 155.03947368421052, -20.741228070175438 ], [ 154.89473684210526, -20.578947368421051 ], [ 154.75, -20.416666666666664 ], [ 154.60526315789474, -20.254385964912281 ], [ 154.46052631578948, -20.092105263157894 ], [ 154.31578947368422, -19.929824561403507 ], [ 154.171052631578959, -19.767543859649123 ], [ 154.026315789473671, -19.605263157894736 ], [ 153.881578947368411, -19.442982456140349 ], [ 153.73684210526315, -19.280701754385966 ], [ 153.59210526315789, -19.118421052631579 ], [ 153.44736842105263, -18.956140350877192 ], [ 153.30263157894737, -18.793859649122808 ], [ 153.15789473684211, -18.631578947368421 ], [ 153.01315789473685, -18.469298245614034 ], [ 152.868421052631589, -18.307017543859651 ], [ 152.723684210526301, -18.144736842105264 ], [ 152.578947368421041, -17.982456140350877 ], [ 152.43421052631578, -17.820175438596493 ], [ 152.28947368421052, -17.657894736842106 ], [ 152.14473684210526, -17.495614035087719 ], [ 152.0, -17.333333333333332 ], [ 151.85526315789474, -17.171052631578945 ], [ 151.71052631578948, -17.008771929824562 ], [ 151.56578947368422, -16.846491228070175 ], [ 151.421052631578959, -16.684210526315788 ], [ 151.276315789473699, -16.521929824561404 ], [ 151.131578947368411, -16.359649122807017 ], [ 150.98684210526315, -16.19736842105263 ], [ 150.84210526315789, -16.035087719298247 ], [ 150.69736842105263, -15.87280701754386 ], [ 150.55263157894737, -15.710526315789473 ], [ 150.40789473684211, -15.548245614035087 ], [ 150.26315789473685, -15.385964912280702 ], [ 150.118421052631561, -15.223684210526315 ], [ 149.973684210526301, -15.06140350877193 ], [ 149.828947368421041, -14.899122807017545 ], [ 149.68421052631578, -14.736842105263158 ], [ 149.53947368421052, -14.57456140350877 ], [ 149.39473684210526, -14.412280701754385 ], [ 149.25, -14.25 ], [ 149.10526315789474, -14.087719298245613 ], [ 148.96052631578948, -13.925438596491228 ], [ 148.81578947368422, -13.763157894736842 ], [ 148.671052631578959, -13.600877192982455 ], [ 148.526315789473671, -13.43859649122807 ], [ 148.381578947368411, -13.276315789473685 ], [ 148.23684210526315, -13.114035087719298 ], [ 148.09210526315789, -12.951754385964911 ], [ 147.94736842105263, -12.789473684210526 ], [ 147.80263157894737, -12.62719298245614 ], [ 147.65789473684211, -12.464912280701753 ], [ 147.51315789473685, -12.302631578947368 ], [ 147.368421052631589, -12.140350877192983 ], [ 147.223684210526301, -11.978070175438596 ], [ 147.078947368421041, -11.815789473684211 ], [ 146.93421052631578, -11.653508771929825 ], [ 146.78947368421052, -11.491228070175438 ], [ 146.64473684210526, -11.328947368421051 ], [ 146.5, -11.166666666666666 ], [ 146.35526315789474, -11.004385964912281 ], [ 146.21052631578948, -10.842105263157894 ], [ 146.06578947368422, -10.679824561403509 ], [ 145.921052631578959, -10.517543859649123 ], [ 145.776315789473699, -10.355263157894736 ], [ 145.631578947368411, -10.192982456140351 ], [ 145.48684210526315, -10.030701754385966 ], [ 145.34210526315789, -9.868421052631579 ], [ 145.19736842105263, -9.706140350877192 ], [ 145.05263157894737, -9.543859649122806 ], [ 144.90789473684211, -9.381578947368421 ], [ 144.76315789473685, -9.219298245614034 ], [ 144.618421052631561, -9.057017543859647 ], [ 144.473684210526301, -8.894736842105262 ], [ 144.328947368421041, -8.732456140350877 ], [ 144.18421052631578, -8.570175438596491 ], [ 144.03947368421052, -8.407894736842106 ], [ 143.89473684210526, -8.245614035087719 ], [ 143.75, -8.083333333333332 ], [ 143.60526315789474, -7.921052631578947 ], [ 143.46052631578948, -7.758771929824561 ], [ 143.31578947368422, -7.596491228070175 ], [ 143.171052631578959, -7.434210526315789 ], [ 143.026315789473671, -7.271929824561404 ], [ 142.881578947368411, -7.109649122807017 ], [ 142.73684210526315, -6.94736842105263 ], [ 142.59210526315789, -6.785087719298245 ], [ 142.44736842105263, -6.62280701754386 ], [ 142.30263157894737, -6.460526315789473 ], [ 142.15789473684211, -6.298245614035086 ], [ 142.01315789473685, -6.1359649122807 ], [ 141.868421052631589, -5.973684210526315 ], [ 141.723684210526301, -5.81140350877193 ], [ 141.578947368421041, -5.649122807017545 ], [ 141.43421052631578, -5.486842105263158 ], [ 141.28947368421052, -5.32456140350877 ], [ 141.14473684210526, -5.162280701754385 ], [ 141.0, -5.0 ] ] ], [ [ [ -180.0, -10.60605 ], [ -179.785447761194035, -10.654161753731344 ], [ -179.570895522388071, -10.702273507462687 ], [ -179.356343283582078, -10.75038526119403 ], [ -179.141791044776113, -10.798497014925372 ], [ -178.927238805970148, -10.846608768656715 ], [ -178.712686567164184, -10.894720522388059 ], [ -178.498134328358219, -10.942832276119404 ], [ -178.283582089552226, -10.990944029850747 ], [ -178.069029850746261, -11.039055783582089 ], [ -177.854477611940297, -11.087167537313432 ], [ -177.639925373134332, -11.135279291044775 ], [ -177.425373134328368, -11.183391044776119 ], [ -177.210820895522374, -11.231502798507464 ], [ -176.99626865671641, -11.279614552238806 ], [ -176.781716417910445, -11.327726305970149 ], [ -176.567164179104481, -11.375838059701492 ], [ -176.352611940298516, -11.423949813432834 ], [ -176.138059701492523, -11.472061567164179 ], [ -175.923507462686558, -11.520173320895523 ], [ -175.708955223880594, -11.568285074626866 ], [ -175.494402985074629, -11.616396828358209 ], [ -175.279850746268664, -11.664508582089551 ], [ -175.0652985074627, -11.712620335820894 ], [ -174.850746268656735, -11.760732089552238 ], [ -174.636194029850742, -11.808843843283583 ], [ -174.421641791044777, -11.856955597014926 ], [ -174.207089552238813, -11.905067350746268 ], [ -173.992537313432848, -11.953179104477611 ], [ -173.777985074626883, -12.001290858208954 ], [ -173.56343283582089, -12.049402611940298 ], [ -173.348880597014926, -12.097514365671643 ], [ -173.134328358208961, -12.145626119402985 ], [ -172.919776119402997, -12.193737873134328 ], [ -172.705223880597032, -12.241849626865671 ], [ -172.490671641791039, -12.289961380597013 ], [ -172.276119402985074, -12.338073134328358 ], [ -172.06156716417911, -12.386184888059702 ], [ -171.847014925373145, -12.434296641791045 ], [ -171.63246268656718, -12.482408395522388 ], [ -171.417910447761187, -12.53052014925373 ], [ -171.203358208955223, -12.578631902985073 ], [ -170.988805970149258, -12.626743656716418 ], [ -170.774253731343293, -12.674855410447762 ], [ -170.559701492537329, -12.722967164179105 ], [ -170.345149253731336, -12.771078917910447 ], [ -170.130597014925371, -12.81919067164179 ], [ -169.916044776119406, -12.867302425373133 ], [ -169.701492537313442, -12.915414179104477 ], [ -169.486940298507477, -12.963525932835822 ], [ -169.272388059701484, -13.011637686567164 ], [ -169.057835820895519, -13.059749440298507 ], [ -168.843283582089555, -13.10786119402985 ], [ -168.62873134328359, -13.155972947761192 ], [ -168.414179104477626, -13.204084701492537 ], [ -168.199626865671632, -13.252196455223881 ], [ -167.985074626865668, -13.300308208955224 ], [ -167.770522388059703, -13.348419962686567 ], [ -167.555970149253739, -13.396531716417909 ], [ -167.341417910447774, -13.444643470149252 ], [ -167.126865671641781, -13.492755223880597 ], [ -166.912313432835816, -13.540866977611941 ], [ -166.697761194029852, -13.588978731343284 ], [ -166.483208955223887, -13.637090485074626 ], [ -166.268656716417922, -13.685202238805969 ], [ -166.054104477611929, -13.733313992537312 ], [ -165.839552238805965, -13.781425746268656 ], [ -165.625, -13.8295375 ], [ -165.410447761194035, -13.877649253731343 ], [ -165.195895522388071, -13.925761007462686 ], [ -164.981343283582078, -13.973872761194029 ], [ -164.766791044776113, -14.021984514925371 ], [ -164.552238805970148, -14.070096268656716 ], [ -164.337686567164184, -14.11820802238806 ], [ -164.123134328358219, -14.166319776119403 ], [ -163.908582089552226, -14.214431529850746 ], [ -163.694029850746261, -14.26254328358209 ], [ -163.479477611940297, -14.310655037313433 ], [ -163.264925373134332, -14.358766791044776 ], [ -163.050373134328368, -14.40687854477612 ], [ -162.835820895522374, -14.454990298507463 ], [ -162.62126865671641, -14.503102052238805 ], [ -162.406716417910445, -14.55121380597015 ], [ -162.192164179104481, -14.599325559701493 ], [ -161.977611940298516, -14.647437313432835 ], [ -161.763059701492523, -14.69554906716418 ], [ -161.548507462686558, -14.743660820895522 ], [ -161.333955223880594, -14.791772574626865 ], [ -161.119402985074629, -14.83988432835821 ], [ -160.904850746268664, -14.887996082089552 ], [ -160.690298507462671, -14.936107835820895 ], [ -160.475746268656707, -14.984219589552239 ], [ -160.261194029850742, -15.032331343283582 ], [ -160.046641791044777, -15.080443097014925 ], [ -159.832089552238813, -15.128554850746269 ], [ -159.617537313432848, -15.176666604477612 ], [ -159.402985074626883, -15.224778358208955 ], [ -159.18843283582089, -15.272890111940299 ], [ -158.973880597014926, -15.321001865671642 ], [ -158.759328358208961, -15.369113619402984 ], [ -158.544776119402997, -15.417225373134329 ], [ -158.330223880597032, -15.465337126865672 ], [ -158.115671641791039, -15.513448880597014 ], [ -157.901119402985074, -15.561560634328359 ], [ -157.68656716417911, -15.609672388059701 ], [ -157.472014925373145, -15.657784141791044 ], [ -157.25746268656718, -15.705895895522389 ], [ -157.042910447761187, -15.754007649253731 ], [ -156.828358208955223, -15.802119402985074 ], [ -156.613805970149258, -15.850231156716418 ], [ -156.399253731343293, -15.898342910447761 ], [ -156.184701492537329, -15.946454664179104 ], [ -155.970149253731336, -15.994566417910448 ], [ -155.755597014925371, -16.042678171641789 ], [ -155.541044776119406, -16.090789925373134 ], [ -155.326492537313442, -16.138901679104478 ], [ -155.111940298507477, -16.187013432835819 ], [ -154.897388059701484, -16.235125186567164 ], [ -154.682835820895519, -16.283236940298508 ], [ -154.468283582089555, -16.331348694029849 ], [ -154.25373134328359, -16.379460447761193 ], [ -154.039179104477626, -16.427572201492538 ], [ -153.824626865671632, -16.475683955223879 ], [ -153.610074626865668, -16.523795708955223 ], [ -153.395522388059703, -16.571907462686568 ], [ -153.180970149253739, -16.620019216417909 ], [ -152.966417910447774, -16.668130970149253 ], [ -152.751865671641781, -16.716242723880598 ], [ -152.537313432835816, -16.764354477611938 ], [ -152.322761194029852, -16.812466231343283 ], [ -152.108208955223887, -16.860577985074627 ], [ -151.893656716417922, -16.908689738805968 ], [ -151.679104477611929, -16.956801492537313 ], [ -151.464552238805965, -17.004913246268657 ], [ -151.25, -17.053025 ], [ -151.035447761194035, -17.101136753731346 ], [ -150.820895522388071, -17.149248507462687 ], [ -150.606343283582078, -17.197360261194028 ], [ -150.391791044776113, -17.245472014925372 ], [ -150.177238805970148, -17.293583768656717 ], [ -149.962686567164184, -17.341695522388058 ], [ -149.748134328358219, -17.389807276119402 ], [ -149.533582089552226, -17.437919029850747 ], [ -149.319029850746261, -17.486030783582088 ], [ -149.104477611940297, -17.534142537313432 ], [ -148.889925373134332, -17.582254291044777 ], [ -148.675373134328368, -17.630366044776117 ], [ -148.460820895522374, -17.678477798507462 ], [ -148.24626865671641, -17.726589552238806 ], [ -148.031716417910445, -17.774701305970147 ], [ -147.817164179104481, -17.822813059701492 ], [ -147.602611940298516, -17.870924813432836 ], [ -147.388059701492523, -17.919036567164177 ], [ -147.173507462686558, -17.967148320895522 ], [ -146.958955223880594, -18.015260074626866 ], [ -146.744402985074629, -18.063371828358207 ], [ -146.529850746268664, -18.111483582089551 ], [ -146.315298507462671, -18.159595335820896 ], [ -146.100746268656707, -18.207707089552237 ], [ -145.886194029850742, -18.255818843283581 ], [ -145.671641791044777, -18.303930597014926 ], [ -145.457089552238813, -18.352042350746267 ], [ -145.242537313432848, -18.400154104477611 ], [ -145.027985074626883, -18.448265858208956 ], [ -144.81343283582089, -18.496377611940297 ], [ -144.598880597014926, -18.544489365671641 ], [ -144.384328358208961, -18.592601119402985 ], [ -144.169776119402968, -18.640712873134326 ], [ -143.955223880597003, -18.688824626865671 ], [ -143.740671641791039, -18.736936380597015 ], [ -143.526119402985074, -18.785048134328356 ], [ -143.31156716417911, -18.833159888059701 ], [ -143.097014925373145, -18.881271641791045 ], [ -142.88246268656718, -18.929383395522386 ], [ -142.667910447761187, -18.97749514925373 ], [ -142.453358208955223, -19.025606902985075 ], [ -142.238805970149258, -19.073718656716416 ], [ -142.024253731343293, -19.12183041044776 ], [ -141.809701492537329, -19.169942164179105 ], [ -141.595149253731336, -19.218053917910446 ], [ -141.380597014925371, -19.26616567164179 ], [ -141.166044776119406, -19.314277425373135 ], [ -140.951492537313442, -19.362389179104476 ], [ -140.736940298507477, -19.41050093283582 ], [ -140.522388059701484, -19.458612686567164 ], [ -140.307835820895519, -19.506724440298505 ], [ -140.093283582089555, -19.55483619402985 ], [ -139.87873134328359, -19.602947947761194 ], [ -139.664179104477626, -19.651059701492535 ], [ -139.449626865671632, -19.69917145522388 ], [ -139.235074626865668, -19.747283208955224 ], [ -139.020522388059703, -19.795394962686565 ], [ -138.805970149253739, -19.84350671641791 ], [ -138.591417910447774, -19.891618470149254 ], [ -138.376865671641781, -19.939730223880598 ], [ -138.162313432835816, -19.987841977611943 ], [ -137.947761194029852, -20.035953731343284 ], [ -137.733208955223887, -20.084065485074625 ], [ -137.518656716417922, -20.132177238805969 ], [ -137.304104477611929, -20.180288992537314 ], [ -137.089552238805965, -20.228400746268658 ], [ -136.875, -20.2765125 ], [ -136.660447761194035, -20.324624253731344 ], [ -136.445895522388071, -20.372736007462684 ], [ -136.231343283582078, -20.420847761194029 ], [ -136.016791044776113, -20.468959514925373 ], [ -135.802238805970148, -20.517071268656718 ], [ -135.587686567164184, -20.565183022388062 ], [ -135.373134328358219, -20.613294776119403 ], [ -135.158582089552226, -20.661406529850744 ], [ -134.944029850746261, -20.709518283582089 ], [ -134.729477611940297, -20.757630037313433 ], [ -134.514925373134332, -20.805741791044778 ], [ -134.300373134328368, -20.853853544776122 ], [ -134.085820895522374, -20.901965298507463 ], [ -133.87126865671641, -20.950077052238804 ], [ -133.656716417910445, -20.998188805970148 ], [ -133.442164179104481, -21.046300559701493 ], [ -133.227611940298516, -21.094412313432837 ], [ -133.013059701492523, -21.142524067164182 ], [ -132.798507462686558, -21.190635820895523 ], [ -132.583955223880594, -21.238747574626863 ], [ -132.369402985074629, -21.286859328358208 ], [ -132.154850746268664, -21.334971082089552 ], [ -131.9402985074627, -21.383082835820897 ], [ -131.725746268656735, -21.431194589552241 ], [ -131.511194029850742, -21.479306343283582 ], [ -131.296641791044777, -21.527418097014923 ], [ -131.082089552238813, -21.575529850746268 ], [ -130.86753731343282, -21.623641604477612 ], [ -130.652985074626855, -21.671753358208957 ], [ -130.43843283582089, -21.719865111940301 ], [ -130.223880597014926, -21.767976865671642 ], [ -130.009328358208961, -21.816088619402983 ], [ -129.794776119402997, -21.864200373134327 ], [ -129.580223880597032, -21.912312126865672 ], [ -129.365671641791039, -21.960423880597016 ], [ -129.151119402985074, -22.008535634328361 ], [ -128.93656716417911, -22.056647388059702 ], [ -128.722014925373117, -22.104759141791043 ], [ -128.507462686567152, -22.152870895522387 ], [ -128.292910447761187, -22.200982649253731 ], [ -128.078358208955223, -22.249094402985076 ], [ -127.863805970149258, -22.29720615671642 ], [ -127.649253731343279, -22.345317910447761 ], [ -127.434701492537314, -22.393429664179102 ], [ -127.22014925373135, -22.441541417910447 ], [ -127.005597014925371, -22.489653171641791 ], [ -126.791044776119406, -22.537764925373136 ], [ -126.576492537313442, -22.58587667910448 ], [ -126.361940298507463, -22.633988432835821 ], [ -126.147388059701484, -22.682100186567162 ], [ -125.932835820895519, -22.730211940298506 ], [ -125.718283582089555, -22.778323694029851 ], [ -125.503731343283576, -22.826435447761195 ], [ -125.289179104477611, -22.87454720149254 ], [ -125.074626865671647, -22.922658955223881 ], [ -124.860074626865668, -22.970770708955222 ], [ -124.645522388059703, -23.018882462686566 ], [ -124.430970149253739, -23.06699421641791 ], [ -124.21641791044776, -23.115105970149255 ], [ -124.001865671641781, -23.163217723880599 ], [ -123.787313432835816, -23.21132947761194 ], [ -123.572761194029852, -23.259441231343281 ], [ -123.358208955223887, -23.307552985074626 ], [ -123.143656716417922, -23.35566473880597 ], [ -122.929104477611943, -23.403776492537315 ], [ -122.714552238805965, -23.451888246268659 ], [ -122.5, -23.5 ], [ -122.719465648854964, -23.5 ], [ -122.938931297709928, -23.5 ], [ -123.158396946564892, -23.5 ], [ -123.377862595419856, -23.5 ], [ -123.59732824427482, -23.5 ], [ -123.81679389312977, -23.5 ], [ -124.03625954198472, -23.5 ], [ -124.255725190839684, -23.5 ], [ -124.475190839694648, -23.5 ], [ -124.694656488549612, -23.5 ], [ -124.914122137404576, -23.5 ], [ -125.13358778625954, -23.5 ], [ -125.353053435114504, -23.5 ], [ -125.572519083969468, -23.5 ], [ -125.791984732824432, -23.5 ], [ -126.011450381679396, -23.5 ], [ -126.23091603053436, -23.5 ], [ -126.450381679389309, -23.5 ], [ -126.669847328244273, -23.5 ], [ -126.889312977099237, -23.5 ], [ -127.108778625954187, -23.5 ], [ -127.328244274809151, -23.5 ], [ -127.547709923664115, -23.5 ], [ -127.767175572519079, -23.5 ], [ -127.986641221374043, -23.5 ], [ -128.206106870229007, -23.5 ], [ -128.425572519083971, -23.5 ], [ -128.645038167938935, -23.5 ], [ -128.864503816793899, -23.5 ], [ -129.083969465648863, -23.5 ], [ -129.303435114503827, -23.5 ], [ -129.522900763358791, -23.5 ], [ -129.742366412213755, -23.5 ], [ -129.961832061068691, -23.5 ], [ -130.181297709923655, -23.5 ], [ -130.400763358778619, -23.5 ], [ -130.620229007633583, -23.5 ], [ -130.839694656488547, -23.5 ], [ -131.059160305343511, -23.5 ], [ -131.278625954198475, -23.5 ], [ -131.498091603053439, -23.5 ], [ -131.717557251908403, -23.5 ], [ -131.937022900763338, -23.5 ], [ -132.156488549618302, -23.5 ], [ -132.375954198473266, -23.5 ], [ -132.59541984732823, -23.5 ], [ -132.814885496183194, -23.5 ], [ -133.034351145038158, -23.5 ], [ -133.253816793893122, -23.5 ], [ -133.473282442748086, -23.5 ], [ -133.69274809160305, -23.5 ], [ -133.912213740458014, -23.5 ], [ -134.131679389312978, -23.5 ], [ -134.351145038167942, -23.5 ], [ -134.570610687022906, -23.5 ], [ -134.79007633587787, -23.5 ], [ -135.009541984732834, -23.5 ], [ -135.229007633587798, -23.5 ], [ -135.448473282442762, -23.5 ], [ -135.667938931297726, -23.5 ], [ -135.88740458015269, -23.5 ], [ -136.106870229007626, -23.5 ], [ -136.32633587786259, -23.5 ], [ -136.545801526717554, -23.5 ], [ -136.765267175572518, -23.5 ], [ -136.984732824427482, -23.5 ], [ -137.204198473282446, -23.5 ], [ -137.42366412213741, -23.5 ], [ -137.643129770992346, -23.5 ], [ -137.86259541984731, -23.5 ], [ -138.082061068702274, -23.5 ], [ -138.301526717557238, -23.5 ], [ -138.520992366412202, -23.5 ], [ -138.740458015267166, -23.5 ], [ -138.95992366412213, -23.5 ], [ -139.179389312977094, -23.5 ], [ -139.398854961832058, -23.5 ], [ -139.618320610687022, -23.5 ], [ -139.837786259541986, -23.5 ], [ -140.05725190839695, -23.5 ], [ -140.276717557251914, -23.5 ], [ -140.496183206106878, -23.5 ], [ -140.715648854961842, -23.5 ], [ -140.935114503816806, -23.5 ], [ -141.15458015267177, -23.5 ], [ -141.374045801526734, -23.5 ], [ -141.593511450381698, -23.5 ], [ -141.812977099236633, -23.5 ], [ -142.032442748091597, -23.5 ], [ -142.251908396946561, -23.5 ], [ -142.471374045801525, -23.5 ], [ -142.690839694656489, -23.5 ], [ -142.910305343511453, -23.5 ], [ -143.129770992366417, -23.5 ], [ -143.349236641221381, -23.5 ], [ -143.568702290076345, -23.5 ], [ -143.788167938931281, -23.5 ], [ -144.007633587786245, -23.5 ], [ -144.227099236641209, -23.5 ], [ -144.446564885496173, -23.5 ], [ -144.666030534351137, -23.5 ], [ -144.885496183206101, -23.5 ], [ -145.104961832061065, -23.5 ], [ -145.324427480916029, -23.5 ], [ -145.543893129770993, -23.5 ], [ -145.763358778625957, -23.5 ], [ -145.982824427480921, -23.5 ], [ -146.202290076335885, -23.5 ], [ -146.421755725190849, -23.5 ], [ -146.641221374045813, -23.5 ], [ -146.860687022900777, -23.5 ], [ -147.080152671755741, -23.5 ], [ -147.299618320610705, -23.5 ], [ -147.51908396946564, -23.5 ], [ -147.738549618320604, -23.5 ], [ -147.958015267175568, -23.5 ], [ -148.177480916030532, -23.5 ], [ -148.396946564885496, -23.5 ], [ -148.61641221374046, -23.5 ], [ -148.835877862595424, -23.5 ], [ -149.055343511450388, -23.5 ], [ -149.274809160305352, -23.5 ], [ -149.494274809160288, -23.5 ], [ -149.713740458015252, -23.5 ], [ -149.933206106870216, -23.5 ], [ -150.15267175572518, -23.5 ], [ -150.372137404580144, -23.5 ], [ -150.591603053435108, -23.5 ], [ -150.811068702290072, -23.5 ], [ -151.030534351145036, -23.5 ], [ -151.25, -23.5 ], [ -151.469465648854964, -23.5 ], [ -151.688931297709928, -23.5 ], [ -151.908396946564892, -23.5 ], [ -152.127862595419856, -23.5 ], [ -152.34732824427482, -23.5 ], [ -152.566793893129784, -23.5 ], [ -152.786259541984748, -23.5 ], [ -153.005725190839712, -23.5 ], [ -153.225190839694648, -23.5 ], [ -153.444656488549612, -23.5 ], [ -153.664122137404576, -23.5 ], [ -153.88358778625954, -23.5 ], [ -154.103053435114504, -23.5 ], [ -154.322519083969468, -23.5 ], [ -154.541984732824432, -23.5 ], [ -154.761450381679396, -23.5 ], [ -154.98091603053436, -23.5 ], [ -155.200381679389295, -23.5 ], [ -155.419847328244259, -23.5 ], [ -155.639312977099223, -23.5 ], [ -155.858778625954187, -23.5 ], [ -156.078244274809151, -23.5 ], [ -156.297709923664115, -23.5 ], [ -156.517175572519079, -23.5 ], [ -156.736641221374043, -23.5 ], [ -156.956106870229007, -23.5 ], [ -157.175572519083971, -23.5 ], [ -157.395038167938935, -23.5 ], [ -157.614503816793899, -23.5 ], [ -157.833969465648863, -23.5 ], [ -158.053435114503827, -23.5 ], [ -158.272900763358791, -23.5 ], [ -158.492366412213755, -23.5 ], [ -158.711832061068719, -23.5 ], [ -158.931297709923655, -23.5 ], [ -159.150763358778619, -23.5 ], [ -159.370229007633583, -23.5 ], [ -159.589694656488547, -23.5 ], [ -159.809160305343511, -23.5 ], [ -160.028625954198475, -23.5 ], [ -160.248091603053439, -23.5 ], [ -160.467557251908403, -23.5 ], [ -160.687022900763367, -23.5 ], [ -160.906488549618302, -23.5 ], [ -161.125954198473266, -23.5 ], [ -161.34541984732823, -23.5 ], [ -161.564885496183194, -23.5 ], [ -161.784351145038158, -23.5 ], [ -162.003816793893122, -23.5 ], [ -162.223282442748086, -23.5 ], [ -162.44274809160305, -23.5 ], [ -162.662213740458014, -23.5 ], [ -162.881679389312978, -23.5 ], [ -163.101145038167942, -23.5 ], [ -163.320610687022906, -23.5 ], [ -163.54007633587787, -23.5 ], [ -163.759541984732834, -23.5 ], [ -163.979007633587798, -23.5 ], [ -164.198473282442762, -23.5 ], [ -164.417938931297726, -23.5 ], [ -164.637404580152662, -23.5 ], [ -164.856870229007626, -23.5 ], [ -165.07633587786259, -23.5 ], [ -165.295801526717554, -23.5 ], [ -165.515267175572518, -23.5 ], [ -165.734732824427482, -23.5 ], [ -165.954198473282446, -23.5 ], [ -166.17366412213741, -23.5 ], [ -166.393129770992374, -23.5 ], [ -166.612595419847338, -23.5 ], [ -166.832061068702302, -23.5 ], [ -167.051526717557238, -23.5 ], [ -167.270992366412202, -23.5 ], [ -167.490458015267166, -23.5 ], [ -167.70992366412213, -23.5 ], [ -167.929389312977094, -23.5 ], [ -168.148854961832058, -23.5 ], [ -168.368320610687022, -23.5 ], [ -168.587786259541986, -23.5 ], [ -168.80725190839695, -23.5 ], [ -169.026717557251914, -23.5 ], [ -169.246183206106878, -23.5 ], [ -169.465648854961842, -23.5 ], [ -169.685114503816806, -23.5 ], [ -169.90458015267177, -23.5 ], [ -170.124045801526734, -23.5 ], [ -170.343511450381669, -23.5 ], [ -170.562977099236633, -23.5 ], [ -170.782442748091597, -23.5 ], [ -171.001908396946561, -23.5 ], [ -171.221374045801525, -23.5 ], [ -171.440839694656489, -23.5 ], [ -171.660305343511453, -23.5 ], [ -171.879770992366417, -23.5 ], [ -172.099236641221381, -23.5 ], [ -172.318702290076345, -23.5 ], [ -172.538167938931309, -23.5 ], [ -172.757633587786245, -23.5 ], [ -172.977099236641209, -23.5 ], [ -173.196564885496173, -23.5 ], [ -173.416030534351137, -23.5 ], [ -173.635496183206101, -23.5 ], [ -173.854961832061065, -23.5 ], [ -174.074427480916029, -23.5 ], [ -174.293893129770993, -23.5 ], [ -174.513358778625957, -23.5 ], [ -174.732824427480921, -23.5 ], [ -174.952290076335885, -23.5 ], [ -175.171755725190849, -23.5 ], [ -175.391221374045813, -23.5 ], [ -175.610687022900777, -23.5 ], [ -175.830152671755741, -23.5 ], [ -176.049618320610676, -23.5 ], [ -176.26908396946564, -23.5 ], [ -176.488549618320604, -23.5 ], [ -176.708015267175568, -23.5 ], [ -176.927480916030532, -23.5 ], [ -177.146946564885496, -23.5 ], [ -177.36641221374046, -23.5 ], [ -177.585877862595424, -23.5 ], [ -177.805343511450388, -23.5 ], [ -178.024809160305352, -23.5 ], [ -178.244274809160316, -23.5 ], [ -178.463740458015252, -23.5 ], [ -178.683206106870216, -23.5 ], [ -178.90267175572518, -23.5 ], [ -179.122137404580144, -23.5 ], [ -179.341603053435108, -23.5 ], [ -179.561068702290072, -23.5 ], [ -179.780534351145036, -23.5 ], [ -180.0, -23.5 ], [ -180.0, -23.285100833333331 ], [ -180.0, -23.070201666666666 ], [ -180.0, -22.8553025 ], [ -180.0, -22.640403333333332 ], [ -180.0, -22.425504166666666 ], [ -180.0, -22.210605 ], [ -180.0, -21.995705833333332 ], [ -180.0, -21.780806666666667 ], [ -180.0, -21.5659075 ], [ -180.0, -21.351008333333333 ], [ -180.0, -21.136109166666664 ], [ -180.0, -20.92121 ], [ -180.0, -20.706310833333333 ], [ -180.0, -20.491411666666664 ], [ -180.0, -20.2765125 ], [ -180.0, -20.061613333333334 ], [ -180.0, -19.846714166666665 ], [ -180.0, -19.631815 ], [ -180.0, -19.416915833333334 ], [ -180.0, -19.202016666666665 ], [ -180.0, -18.9871175 ], [ -180.0, -18.772218333333335 ], [ -180.0, -18.557319166666666 ], [ -180.0, -18.34242 ], [ -180.0, -18.127520833333335 ], [ -180.0, -17.912621666666666 ], [ -180.0, -17.6977225 ], [ -180.0, -17.482823333333332 ], [ -180.0, -17.267924166666667 ], [ -180.0, -17.053025 ], [ -180.0, -16.838125833333336 ], [ -180.0, -16.623226666666667 ], [ -180.0, -16.4083275 ], [ -180.0, -16.193428333333333 ], [ -180.0, -15.978529166666666 ], [ -180.0, -15.76363 ], [ -180.0, -15.548730833333334 ], [ -180.0, -15.333831666666667 ], [ -180.0, -15.1189325 ], [ -180.0, -14.904033333333334 ], [ -180.0, -14.689134166666667 ], [ -180.0, -14.474235 ], [ -180.0, -14.259335833333333 ], [ -180.0, -14.044436666666666 ], [ -180.0, -13.8295375 ], [ -180.0, -13.614638333333334 ], [ -180.0, -13.399739166666667 ], [ -180.0, -13.18484 ], [ -180.0, -12.969940833333332 ], [ -180.0, -12.755041666666667 ], [ -180.0, -12.5401425 ], [ -180.0, -12.325243333333333 ], [ -180.0, -12.110344166666668 ], [ -180.0, -11.895445 ], [ -180.0, -11.680545833333333 ], [ -180.0, -11.465646666666666 ], [ -180.0, -11.2507475 ], [ -180.0, -11.035848333333334 ], [ -180.0, -10.820949166666667 ], [ -180.0, -10.60605 ] ] ] ] } },
{ "type": "Feature", "properties": { "ID": "ID6", "name": "Southern_subtropics", "layer": "small-islands_v2", "path": "\/media\/maialen\/work\/WORK\/GIT\/ATLAS\/reference-regions\/small-islands.geojson" }, "geometry": { "type": "MultiPolygon", "coordinates": [ [ [ [ 157.5, -23.5 ], [ 157.71634615384616, -23.5 ], [ 157.932692307692321, -23.5 ], [ 158.149038461538453, -23.5 ], [ 158.365384615384613, -23.5 ], [ 158.581730769230774, -23.5 ], [ 158.798076923076934, -23.5 ], [ 159.014423076923094, -23.5 ], [ 159.230769230769226, -23.5 ], [ 159.447115384615387, -23.5 ], [ 159.663461538461547, -23.5 ], [ 159.879807692307679, -23.5 ], [ 160.09615384615384, -23.5 ], [ 160.3125, -23.5 ], [ 160.52884615384616, -23.5 ], [ 160.745192307692321, -23.5 ], [ 160.961538461538453, -23.5 ], [ 161.177884615384613, -23.5 ], [ 161.394230769230774, -23.5 ], [ 161.610576923076906, -23.5 ], [ 161.826923076923066, -23.5 ], [ 162.043269230769226, -23.5 ], [ 162.259615384615387, -23.5 ], [ 162.475961538461547, -23.5 ], [ 162.692307692307679, -23.5 ], [ 162.90865384615384, -23.5 ], [ 163.125, -23.5 ], [ 163.34134615384616, -23.5 ], [ 163.557692307692321, -23.5 ], [ 163.774038461538453, -23.5 ], [ 163.990384615384613, -23.5 ], [ 164.206730769230774, -23.5 ], [ 164.423076923076934, -23.5 ], [ 164.639423076923094, -23.5 ], [ 164.855769230769226, -23.5 ], [ 165.072115384615387, -23.5 ], [ 165.288461538461547, -23.5 ], [ 165.504807692307679, -23.5 ], [ 165.72115384615384, -23.5 ], [ 165.9375, -23.5 ], [ 166.15384615384616, -23.5 ], [ 166.370192307692321, -23.5 ], [ 166.586538461538453, -23.5 ], [ 166.802884615384613, -23.5 ], [ 167.019230769230774, -23.5 ], [ 167.235576923076906, -23.5 ], [ 167.451923076923066, -23.5 ], [ 167.668269230769226, -23.5 ], [ 167.884615384615387, -23.5 ], [ 168.100961538461547, -23.5 ], [ 168.317307692307679, -23.5 ], [ 168.53365384615384, -23.5 ], [ 168.75, -23.5 ], [ 168.96634615384616, -23.5 ], [ 169.182692307692321, -23.5 ], [ 169.399038461538453, -23.5 ], [ 169.615384615384613, -23.5 ], [ 169.831730769230774, -23.5 ], [ 170.048076923076934, -23.5 ], [ 170.264423076923094, -23.5 ], [ 170.480769230769226, -23.5 ], [ 170.697115384615387, -23.5 ], [ 170.913461538461547, -23.5 ], [ 171.129807692307679, -23.5 ], [ 171.34615384615384, -23.5 ], [ 171.5625, -23.5 ], [ 171.77884615384616, -23.5 ], [ 171.995192307692321, -23.5 ], [ 172.211538461538453, -23.5 ], [ 172.427884615384613, -23.5 ], [ 172.644230769230774, -23.5 ], [ 172.860576923076906, -23.5 ], [ 173.076923076923066, -23.5 ], [ 173.293269230769226, -23.5 ], [ 173.509615384615387, -23.5 ], [ 173.725961538461547, -23.5 ], [ 173.942307692307679, -23.5 ], [ 174.15865384615384, -23.5 ], [ 174.375, -23.5 ], [ 174.59134615384616, -23.5 ], [ 174.807692307692321, -23.5 ], [ 175.024038461538453, -23.5 ], [ 175.240384615384613, -23.5 ], [ 175.456730769230774, -23.5 ], [ 175.673076923076934, -23.5 ], [ 175.889423076923094, -23.5 ], [ 176.105769230769226, -23.5 ], [ 176.322115384615387, -23.5 ], [ 176.538461538461547, -23.5 ], [ 176.754807692307679, -23.5 ], [ 176.97115384615384, -23.5 ], [ 177.1875, -23.5 ], [ 177.40384615384616, -23.5 ], [ 177.620192307692321, -23.5 ], [ 177.836538461538453, -23.5 ], [ 178.052884615384613, -23.5 ], [ 178.269230769230774, -23.5 ], [ 178.485576923076906, -23.5 ], [ 178.701923076923066, -23.5 ], [ 178.918269230769226, -23.5 ], [ 179.134615384615387, -23.5 ], [ 179.350961538461547, -23.5 ], [ 179.567307692307679, -23.5 ], [ 179.78365384615384, -23.5 ], [ 180.0, -23.5 ], [ 180.0, -23.714285714285715 ], [ 180.0, -23.928571428571431 ], [ 180.0, -24.142857142857146 ], [ 180.0, -24.357142857142858 ], [ 180.0, -24.571428571428569 ], [ 180.0, -24.785714285714285 ], [ 180.0, -25.0 ], [ 180.0, -25.214285714285715 ], [ 180.0, -25.428571428571431 ], [ 180.0, -25.642857142857142 ], [ 180.0, -25.857142857142858 ], [ 180.0, -26.071428571428573 ], [ 180.0, -26.285714285714285 ], [ 180.0, -26.5 ], [ 180.0, -26.714285714285715 ], [ 180.0, -26.928571428571431 ], [ 180.0, -27.142857142857146 ], [ 180.0, -27.357142857142858 ], [ 180.0, -27.571428571428569 ], [ 180.0, -27.785714285714285 ], [ 180.0, -28.0 ], [ 180.0, -28.214285714285715 ], [ 180.0, -28.428571428571431 ], [ 180.0, -28.642857142857142 ], [ 180.0, -28.857142857142858 ], [ 180.0, -29.071428571428573 ], [ 180.0, -29.285714285714285 ], [ 180.0, -29.5 ], [ 180.0, -29.714285714285715 ], [ 180.0, -29.928571428571431 ], [ 180.0, -30.142857142857146 ], [ 180.0, -30.357142857142858 ], [ 180.0, -30.571428571428569 ], [ 180.0, -30.785714285714285 ], [ 180.0, -31.0 ], [ 180.0, -31.214285714285715 ], [ 180.0, -31.428571428571431 ], [ 180.0, -31.642857142857142 ], [ 180.0, -31.857142857142854 ], [ 180.0, -32.071428571428569 ], [ 180.0, -32.285714285714285 ], [ 180.0, -32.5 ], [ 179.78365384615384, -32.5 ], [ 179.567307692307679, -32.5 ], [ 179.350961538461547, -32.5 ], [ 179.134615384615387, -32.5 ], [ 178.918269230769226, -32.5 ], [ 178.701923076923066, -32.5 ], [ 178.485576923076906, -32.5 ], [ 178.269230769230774, -32.5 ], [ 178.052884615384613, -32.5 ], [ 177.836538461538453, -32.5 ], [ 177.620192307692321, -32.5 ], [ 177.40384615384616, -32.5 ], [ 177.1875, -32.5 ], [ 176.97115384615384, -32.5 ], [ 176.754807692307679, -32.5 ], [ 176.538461538461547, -32.5 ], [ 176.322115384615387, -32.5 ], [ 176.105769230769226, -32.5 ], [ 175.889423076923094, -32.5 ], [ 175.673076923076934, -32.5 ], [ 175.456730769230774, -32.5 ], [ 175.240384615384613, -32.5 ], [ 175.024038461538453, -32.5 ], [ 174.807692307692321, -32.5 ], [ 174.59134615384616, -32.5 ], [ 174.375, -32.5 ], [ 174.15865384615384, -32.5 ], [ 173.942307692307679, -32.5 ], [ 173.725961538461547, -32.5 ], [ 173.509615384615387, -32.5 ], [ 173.293269230769226, -32.5 ], [ 173.076923076923066, -32.5 ], [ 172.860576923076906, -32.5 ], [ 172.644230769230774, -32.5 ], [ 172.427884615384613, -32.5 ], [ 172.211538461538453, -32.5 ], [ 171.995192307692321, -32.5 ], [ 171.77884615384616, -32.5 ], [ 171.5625, -32.5 ], [ 171.34615384615384, -32.5 ], [ 171.129807692307679, -32.5 ], [ 170.913461538461547, -32.5 ], [ 170.697115384615387, -32.5 ], [ 170.480769230769226, -32.5 ], [ 170.264423076923094, -32.5 ], [ 170.048076923076934, -32.5 ], [ 169.831730769230774, -32.5 ], [ 169.615384615384613, -32.5 ], [ 169.399038461538453, -32.5 ], [ 169.182692307692321, -32.5 ], [ 168.96634615384616, -32.5 ], [ 168.75, -32.5 ], [ 168.53365384615384, -32.5 ], [ 168.317307692307679, -32.5 ], [ 168.100961538461547, -32.5 ], [ 167.884615384615387, -32.5 ], [ 167.668269230769226, -32.5 ], [ 167.451923076923066, -32.5 ], [ 167.235576923076906, -32.5 ], [ 167.019230769230774, -32.5 ], [ 166.802884615384613, -32.5 ], [ 166.586538461538453, -32.5 ], [ 166.370192307692321, -32.5 ], [ 166.15384615384616, -32.5 ], [ 165.9375, -32.5 ], [ 165.72115384615384, -32.5 ], [ 165.504807692307679, -32.5 ], [ 165.288461538461547, -32.5 ], [ 165.072115384615387, -32.5 ], [ 164.855769230769226, -32.5 ], [ 164.639423076923094, -32.5 ], [ 164.423076923076934, -32.5 ], [ 164.206730769230774, -32.5 ], [ 163.990384615384613, -32.5 ], [ 163.774038461538453, -32.5 ], [ 163.557692307692321, -32.5 ], [ 163.34134615384616, -32.5 ], [ 163.125, -32.5 ], [ 162.90865384615384, -32.5 ], [ 162.692307692307679, -32.5 ], [ 162.475961538461547, -32.5 ], [ 162.259615384615387, -32.5 ], [ 162.043269230769226, -32.5 ], [ 161.826923076923066, -32.5 ], [ 161.610576923076906, -32.5 ], [ 161.394230769230774, -32.5 ], [ 161.177884615384613, -32.5 ], [ 160.961538461538453, -32.5 ], [ 160.745192307692321, -32.5 ], [ 160.52884615384616, -32.5 ], [ 160.3125, -32.5 ], [ 160.09615384615384, -32.5 ], [ 159.879807692307679, -32.5 ], [ 159.663461538461547, -32.5 ], [ 159.447115384615387, -32.5 ], [ 159.230769230769226, -32.5 ], [ 159.014423076923094, -32.5 ], [ 158.798076923076934, -32.5 ], [ 158.581730769230774, -32.5 ], [ 158.365384615384613, -32.5 ], [ 158.149038461538453, -32.5 ], [ 157.932692307692321, -32.5 ], [ 157.71634615384616, -32.5 ], [ 157.5, -32.5 ], [ 157.5, -32.285714285714285 ], [ 157.5, -32.071428571428569 ], [ 157.5, -31.857142857142854 ], [ 157.5, -31.642857142857142 ], [ 157.5, -31.428571428571431 ], [ 157.5, -31.214285714285715 ], [ 157.5, -31.0 ], [ 157.5, -30.785714285714285 ], [ 157.5, -30.571428571428569 ], [ 157.5, -30.357142857142858 ], [ 157.5, -30.142857142857142 ], [ 157.5, -29.928571428571427 ], [ 157.5, -29.714285714285715 ], [ 157.5, -29.5 ], [ 157.5, -29.285714285714285 ], [ 157.5, -29.071428571428569 ], [ 157.5, -28.857142857142854 ], [ 157.5, -28.642857142857142 ], [ 157.5, -28.428571428571431 ], [ 157.5, -28.214285714285715 ], [ 157.5, -28.0 ], [ 157.5, -27.785714285714285 ], [ 157.5, -27.571428571428569 ], [ 157.5, -27.357142857142858 ], [ 157.5, -27.142857142857142 ], [ 157.5, -26.928571428571427 ], [ 157.5, -26.714285714285715 ], [ 157.5, -26.5 ], [ 157.5, -26.285714285714285 ], [ 157.5, -26.071428571428569 ], [ 157.5, -25.857142857142854 ], [ 157.5, -25.642857142857142 ], [ 157.5, -25.428571428571431 ], [ 157.5, -25.214285714285715 ], [ 157.5, -25.0 ], [ 157.5, -24.785714285714285 ], [ 157.5, -24.571428571428569 ], [ 157.5, -24.357142857142858 ], [ 157.5, -24.142857142857142 ], [ 157.5, -23.928571428571427 ], [ 157.5, -23.714285714285715 ], [ 157.5, -23.5 ] ] ], [ [ [ -180.0, -23.5 ], [ -179.780534351145036, -23.5 ], [ -179.561068702290072, -23.5 ], [ -179.341603053435108, -23.5 ], [ -179.122137404580144, -23.5 ], [ -178.90267175572518, -23.5 ], [ -178.683206106870216, -23.5 ], [ -178.463740458015252, -23.5 ], [ -178.244274809160316, -23.5 ], [ -178.024809160305352, -23.5 ], [ -177.805343511450388, -23.5 ], [ -177.585877862595424, -23.5 ], [ -177.36641221374046, -23.5 ], [ -177.146946564885496, -23.5 ], [ -176.927480916030532, -23.5 ], [ -176.708015267175568, -23.5 ], [ -176.488549618320604, -23.5 ], [ -176.26908396946564, -23.5 ], [ -176.049618320610676, -23.5 ], [ -175.830152671755741, -23.5 ], [ -175.610687022900777, -23.5 ], [ -175.391221374045813, -23.5 ], [ -175.171755725190849, -23.5 ], [ -174.952290076335885, -23.5 ], [ -174.732824427480921, -23.5 ], [ -174.513358778625957, -23.5 ], [ -174.293893129770993, -23.5 ], [ -174.074427480916029, -23.5 ], [ -173.854961832061065, -23.5 ], [ -173.635496183206101, -23.5 ], [ -173.416030534351137, -23.5 ], [ -173.196564885496173, -23.5 ], [ -172.977099236641209, -23.5 ], [ -172.757633587786245, -23.5 ], [ -172.538167938931309, -23.5 ], [ -172.318702290076345, -23.5 ], [ -172.099236641221381, -23.5 ], [ -171.879770992366417, -23.5 ], [ -171.660305343511453, -23.5 ], [ -171.440839694656489, -23.5 ], [ -171.221374045801525, -23.5 ], [ -171.001908396946561, -23.5 ], [ -170.782442748091597, -23.5 ], [ -170.562977099236633, -23.5 ], [ -170.343511450381669, -23.5 ], [ -170.124045801526734, -23.5 ], [ -169.90458015267177, -23.5 ], [ -169.685114503816806, -23.5 ], [ -169.465648854961842, -23.5 ], [ -169.246183206106878, -23.5 ], [ -169.026717557251914, -23.5 ], [ -168.80725190839695, -23.5 ], [ -168.587786259541986, -23.5 ], [ -168.368320610687022, -23.5 ], [ -168.148854961832058, -23.5 ], [ -167.929389312977094, -23.5 ], [ -167.70992366412213, -23.5 ], [ -167.490458015267166, -23.5 ], [ -167.270992366412202, -23.5 ], [ -167.051526717557238, -23.5 ], [ -166.832061068702302, -23.5 ], [ -166.612595419847338, -23.5 ], [ -166.393129770992374, -23.5 ], [ -166.17366412213741, -23.5 ], [ -165.954198473282446, -23.5 ], [ -165.734732824427482, -23.5 ], [ -165.515267175572518, -23.5 ], [ -165.295801526717554, -23.5 ], [ -165.07633587786259, -23.5 ], [ -164.856870229007626, -23.5 ], [ -164.637404580152662, -23.5 ], [ -164.417938931297726, -23.5 ], [ -164.198473282442762, -23.5 ], [ -163.979007633587798, -23.5 ], [ -163.759541984732834, -23.5 ], [ -163.54007633587787, -23.5 ], [ -163.320610687022906, -23.5 ], [ -163.101145038167942, -23.5 ], [ -162.881679389312978, -23.5 ], [ -162.662213740458014, -23.5 ], [ -162.44274809160305, -23.5 ], [ -162.223282442748086, -23.5 ], [ -162.003816793893122, -23.5 ], [ -161.784351145038158, -23.5 ], [ -161.564885496183194, -23.5 ], [ -161.34541984732823, -23.5 ], [ -161.125954198473266, -23.5 ], [ -160.906488549618302, -23.5 ], [ -160.687022900763367, -23.5 ], [ -160.467557251908403, -23.5 ], [ -160.248091603053439, -23.5 ], [ -160.028625954198475, -23.5 ], [ -159.809160305343511, -23.5 ], [ -159.589694656488547, -23.5 ], [ -159.370229007633583, -23.5 ], [ -159.150763358778619, -23.5 ], [ -158.931297709923655, -23.5 ], [ -158.711832061068719, -23.5 ], [ -158.492366412213755, -23.5 ], [ -158.272900763358791, -23.5 ], [ -158.053435114503827, -23.5 ], [ -157.833969465648863, -23.5 ], [ -157.614503816793899, -23.5 ], [ -157.395038167938935, -23.5 ], [ -157.175572519083971, -23.5 ], [ -156.956106870229007, -23.5 ], [ -156.736641221374043, -23.5 ], [ -156.517175572519079, -23.5 ], [ -156.297709923664115, -23.5 ], [ -156.078244274809151, -23.5 ], [ -155.858778625954187, -23.5 ], [ -155.639312977099223, -23.5 ], [ -155.419847328244259, -23.5 ], [ -155.200381679389295, -23.5 ], [ -154.98091603053436, -23.5 ], [ -154.761450381679396, -23.5 ], [ -154.541984732824432, -23.5 ], [ -154.322519083969468, -23.5 ], [ -154.103053435114504, -23.5 ], [ -153.88358778625954, -23.5 ], [ -153.664122137404576, -23.5 ], [ -153.444656488549612, -23.5 ], [ -153.225190839694648, -23.5 ], [ -153.005725190839712, -23.5 ], [ -152.786259541984748, -23.5 ], [ -152.566793893129784, -23.5 ], [ -152.34732824427482, -23.5 ], [ -152.127862595419856, -23.5 ], [ -151.908396946564892, -23.5 ], [ -151.688931297709928, -23.5 ], [ -151.469465648854964, -23.5 ], [ -151.25, -23.5 ], [ -151.030534351145036, -23.5 ], [ -150.811068702290072, -23.5 ], [ -150.591603053435108, -23.5 ], [ -150.372137404580144, -23.5 ], [ -150.15267175572518, -23.5 ], [ -149.933206106870216, -23.5 ], [ -149.713740458015252, -23.5 ], [ -149.494274809160288, -23.5 ], [ -149.274809160305352, -23.5 ], [ -149.055343511450388, -23.5 ], [ -148.835877862595424, -23.5 ], [ -148.61641221374046, -23.5 ], [ -148.396946564885496, -23.5 ], [ -148.177480916030532, -23.5 ], [ -147.958015267175568, -23.5 ], [ -147.738549618320604, -23.5 ], [ -147.51908396946564, -23.5 ], [ -147.299618320610705, -23.5 ], [ -147.080152671755741, -23.5 ], [ -146.860687022900777, -23.5 ], [ -146.641221374045813, -23.5 ], [ -146.421755725190849, -23.5 ], [ -146.202290076335885, -23.5 ], [ -145.982824427480921, -23.5 ], [ -145.763358778625957, -23.5 ], [ -145.543893129770993, -23.5 ], [ -145.324427480916029, -23.5 ], [ -145.104961832061065, -23.5 ], [ -144.885496183206101, -23.5 ], [ -144.666030534351137, -23.5 ], [ -144.446564885496173, -23.5 ], [ -144.227099236641209, -23.5 ], [ -144.007633587786245, -23.5 ], [ -143.788167938931281, -23.5 ], [ -143.568702290076345, -23.5 ], [ -143.349236641221381, -23.5 ], [ -143.129770992366417, -23.5 ], [ -142.910305343511453, -23.5 ], [ -142.690839694656489, -23.5 ], [ -142.471374045801525, -23.5 ], [ -142.251908396946561, -23.5 ], [ -142.032442748091597, -23.5 ], [ -141.812977099236633, -23.5 ], [ -141.593511450381698, -23.5 ], [ -141.374045801526734, -23.5 ], [ -141.15458015267177, -23.5 ], [ -140.935114503816806, -23.5 ], [ -140.715648854961842, -23.5 ], [ -140.496183206106878, -23.5 ], [ -140.276717557251914, -23.5 ], [ -140.05725190839695, -23.5 ], [ -139.837786259541986, -23.5 ], [ -139.618320610687022, -23.5 ], [ -139.398854961832058, -23.5 ], [ -139.179389312977094, -23.5 ], [ -138.95992366412213, -23.5 ], [ -138.740458015267166, -23.5 ], [ -138.520992366412202, -23.5 ], [ -138.301526717557238, -23.5 ], [ -138.082061068702274, -23.5 ], [ -137.86259541984731, -23.5 ], [ -137.643129770992346, -23.5 ], [ -137.42366412213741, -23.5 ], [ -137.204198473282446, -23.5 ], [ -136.984732824427482, -23.5 ], [ -136.765267175572518, -23.5 ], [ -136.545801526717554, -23.5 ], [ -136.32633587786259, -23.5 ], [ -136.106870229007626, -23.5 ], [ -135.88740458015269, -23.5 ], [ -135.667938931297726, -23.5 ], [ -135.448473282442762, -23.5 ], [ -135.229007633587798, -23.5 ], [ -135.009541984732834, -23.5 ], [ -134.79007633587787, -23.5 ], [ -134.570610687022906, -23.5 ], [ -134.351145038167942, -23.5 ], [ -134.131679389312978, -23.5 ], [ -133.912213740458014, -23.5 ], [ -133.69274809160305, -23.5 ], [ -133.473282442748086, -23.5 ], [ -133.253816793893122, -23.5 ], [ -133.034351145038158, -23.5 ], [ -132.814885496183194, -23.5 ], [ -132.59541984732823, -23.5 ], [ -132.375954198473266, -23.5 ], [ -132.156488549618302, -23.5 ], [ -131.937022900763338, -23.5 ], [ -131.717557251908403, -23.5 ], [ -131.498091603053439, -23.5 ], [ -131.278625954198475, -23.5 ], [ -131.059160305343511, -23.5 ], [ -130.839694656488547, -23.5 ], [ -130.620229007633583, -23.5 ], [ -130.400763358778619, -23.5 ], [ -130.181297709923655, -23.5 ], [ -129.961832061068691, -23.5 ], [ -129.742366412213755, -23.5 ], [ -129.522900763358791, -23.5 ], [ -129.303435114503827, -23.5 ], [ -129.083969465648863, -23.5 ], [ -128.864503816793899, -23.5 ], [ -128.645038167938935, -23.5 ], [ -128.425572519083971, -23.5 ], [ -128.206106870229007, -23.5 ], [ -127.986641221374043, -23.5 ], [ -127.767175572519079, -23.5 ], [ -127.547709923664115, -23.5 ], [ -127.328244274809151, -23.5 ], [ -127.108778625954187, -23.5 ], [ -126.889312977099237, -23.5 ], [ -126.669847328244273, -23.5 ], [ -126.450381679389309, -23.5 ], [ -126.23091603053436, -23.5 ], [ -126.011450381679396, -23.5 ], [ -125.791984732824432, -23.5 ], [ -125.572519083969468, -23.5 ], [ -125.353053435114504, -23.5 ], [ -125.13358778625954, -23.5 ], [ -124.914122137404576, -23.5 ], [ -124.694656488549612, -23.5 ], [ -124.475190839694648, -23.5 ], [ -124.255725190839684, -23.5 ], [ -124.03625954198472, -23.5 ], [ -123.81679389312977, -23.5 ], [ -123.59732824427482, -23.5 ], [ -123.377862595419856, -23.5 ], [ -123.158396946564892, -23.5 ], [ -122.938931297709928, -23.5 ], [ -122.719465648854964, -23.5 ], [ -122.5, -23.5 ], [ -122.5, -23.714285714285715 ], [ -122.5, -23.928571428571427 ], [ -122.5, -24.142857142857142 ], [ -122.5, -24.357142857142858 ], [ -122.5, -24.571428571428569 ], [ -122.5, -24.785714285714285 ], [ -122.5, -25.0 ], [ -122.5, -25.214285714285715 ], [ -122.5, -25.428571428571431 ], [ -122.5, -25.642857142857142 ], [ -122.5, -25.857142857142854 ], [ -122.5, -26.071428571428569 ], [ -122.5, -26.285714285714285 ], [ -122.5, -26.5 ], [ -122.5, -26.714285714285715 ], [ -122.5, -26.928571428571427 ], [ -122.5, -27.142857142857142 ], [ -122.5, -27.357142857142858 ], [ -122.5, -27.571428571428569 ], [ -122.5, -27.785714285714285 ], [ -122.5, -28.0 ], [ -122.5, -28.214285714285715 ], [ -122.5, -28.428571428571431 ], [ -122.5, -28.642857142857142 ], [ -122.5, -28.857142857142854 ], [ -122.5, -29.071428571428569 ], [ -122.5, -29.285714285714285 ], [ -122.5, -29.5 ], [ -122.5, -29.714285714285715 ], [ -122.5, -29.928571428571427 ], [ -122.5, -30.142857142857142 ], [ -122.5, -30.357142857142858 ], [ -122.5, -30.571428571428569 ], [ -122.5, -30.785714285714285 ], [ -122.5, -31.0 ], [ -122.5, -31.214285714285715 ], [ -122.5, -31.428571428571431 ], [ -122.5, -31.642857142857142 ], [ -122.5, -31.857142857142854 ], [ -122.5, -32.071428571428569 ], [ -122.5, -32.285714285714285 ], [ -122.5, -32.5 ], [ -122.719465648854964, -32.5 ], [ -122.938931297709928, -32.5 ], [ -123.158396946564892, -32.5 ], [ -123.377862595419842, -32.5 ], [ -123.597328244274806, -32.5 ], [ -123.81679389312977, -32.5 ], [ -124.036259541984734, -32.5 ], [ -124.255725190839698, -32.5 ], [ -124.475190839694648, -32.5 ], [ -124.694656488549612, -32.5 ], [ -124.914122137404576, -32.5 ], [ -125.13358778625954, -32.5 ], [ -125.353053435114504, -32.5 ], [ -125.572519083969468, -32.5 ], [ -125.791984732824432, -32.5 ], [ -126.011450381679396, -32.5 ], [ -126.23091603053436, -32.5 ], [ -126.450381679389309, -32.5 ], [ -126.669847328244273, -32.5 ], [ -126.889312977099237, -32.5 ], [ -127.108778625954201, -32.5 ], [ -127.328244274809165, -32.5 ], [ -127.547709923664115, -32.5 ], [ -127.767175572519079, -32.5 ], [ -127.986641221374043, -32.5 ], [ -128.206106870229007, -32.5 ], [ -128.425572519083971, -32.5 ], [ -128.645038167938935, -32.5 ], [ -128.864503816793899, -32.5 ], [ -129.083969465648863, -32.5 ], [ -129.303435114503827, -32.5 ], [ -129.522900763358791, -32.5 ], [ -129.742366412213755, -32.5 ], [ -129.961832061068691, -32.5 ], [ -130.181297709923655, -32.5 ], [ -130.400763358778619, -32.5 ], [ -130.620229007633583, -32.5 ], [ -130.839694656488547, -32.5 ], [ -131.059160305343511, -32.5 ], [ -131.278625954198475, -32.5 ], [ -131.498091603053439, -32.5 ], [ -131.717557251908403, -32.5 ], [ -131.937022900763367, -32.5 ], [ -132.156488549618331, -32.5 ], [ -132.375954198473266, -32.5 ], [ -132.59541984732823, -32.5 ], [ -132.814885496183194, -32.5 ], [ -133.034351145038158, -32.5 ], [ -133.253816793893122, -32.5 ], [ -133.473282442748086, -32.5 ], [ -133.69274809160305, -32.5 ], [ -133.912213740458014, -32.5 ], [ -134.131679389312978, -32.5 ], [ -134.351145038167942, -32.5 ], [ -134.570610687022906, -32.5 ], [ -134.79007633587787, -32.5 ], [ -135.009541984732834, -32.5 ], [ -135.229007633587798, -32.5 ], [ -135.448473282442762, -32.5 ], [ -135.667938931297698, -32.5 ], [ -135.887404580152662, -32.5 ], [ -136.106870229007626, -32.5 ], [ -136.32633587786259, -32.5 ], [ -136.545801526717554, -32.5 ], [ -136.765267175572518, -32.5 ], [ -136.984732824427482, -32.5 ], [ -137.204198473282446, -32.5 ], [ -137.42366412213741, -32.5 ], [ -137.643129770992374, -32.5 ], [ -137.862595419847338, -32.5 ], [ -138.082061068702274, -32.5 ], [ -138.301526717557238, -32.5 ], [ -138.520992366412202, -32.5 ], [ -138.740458015267166, -32.5 ], [ -138.95992366412213, -32.5 ], [ -139.179389312977094, -32.5 ], [ -139.398854961832058, -32.5 ], [ -139.618320610687022, -32.5 ], [ -139.837786259541986, -32.5 ], [ -140.05725190839695, -32.5 ], [ -140.276717557251914, -32.5 ], [ -140.496183206106878, -32.5 ], [ -140.715648854961842, -32.5 ], [ -140.935114503816806, -32.5 ], [ -141.15458015267177, -32.5 ], [ -141.374045801526734, -32.5 ], [ -141.593511450381698, -32.5 ], [ -141.812977099236633, -32.5 ], [ -142.032442748091597, -32.5 ], [ -142.251908396946561, -32.5 ], [ -142.471374045801525, -32.5 ], [ -142.690839694656489, -32.5 ], [ -142.910305343511453, -32.5 ], [ -143.129770992366417, -32.5 ], [ -143.349236641221381, -32.5 ], [ -143.568702290076345, -32.5 ], [ -143.788167938931281, -32.5 ], [ -144.007633587786245, -32.5 ], [ -144.227099236641209, -32.5 ], [ -144.446564885496173, -32.5 ], [ -144.666030534351137, -32.5 ], [ -144.885496183206101, -32.5 ], [ -145.104961832061065, -32.5 ], [ -145.324427480916029, -32.5 ], [ -145.543893129770993, -32.5 ], [ -145.763358778625957, -32.5 ], [ -145.982824427480921, -32.5 ], [ -146.202290076335885, -32.5 ], [ -146.421755725190849, -32.5 ], [ -146.641221374045813, -32.5 ], [ -146.860687022900777, -32.5 ], [ -147.080152671755741, -32.5 ], [ -147.299618320610705, -32.5 ], [ -147.51908396946564, -32.5 ], [ -147.738549618320604, -32.5 ], [ -147.958015267175568, -32.5 ], [ -148.177480916030532, -32.5 ], [ -148.396946564885496, -32.5 ], [ -148.61641221374046, -32.5 ], [ -148.835877862595424, -32.5 ], [ -149.055343511450388, -32.5 ], [ -149.274809160305352, -32.5 ], [ -149.494274809160288, -32.5 ], [ -149.713740458015252, -32.5 ], [ -149.933206106870216, -32.5 ], [ -150.15267175572518, -32.5 ], [ -150.372137404580144, -32.5 ], [ -150.591603053435108, -32.5 ], [ -150.811068702290072, -32.5 ], [ -151.030534351145036, -32.5 ], [ -151.25, -32.5 ], [ -151.469465648854964, -32.5 ], [ -151.688931297709928, -32.5 ], [ -151.908396946564892, -32.5 ], [ -152.127862595419856, -32.5 ], [ -152.34732824427482, -32.5 ], [ -152.566793893129784, -32.5 ], [ -152.786259541984748, -32.5 ], [ -153.005725190839712, -32.5 ], [ -153.225190839694648, -32.5 ], [ -153.444656488549612, -32.5 ], [ -153.664122137404576, -32.5 ], [ -153.88358778625954, -32.5 ], [ -154.103053435114504, -32.5 ], [ -154.322519083969468, -32.5 ], [ -154.541984732824432, -32.5 ], [ -154.761450381679396, -32.5 ], [ -154.98091603053436, -32.5 ], [ -155.200381679389295, -32.5 ], [ -155.419847328244259, -32.5 ], [ -155.639312977099223, -32.5 ], [ -155.858778625954187, -32.5 ], [ -156.078244274809151, -32.5 ], [ -156.297709923664115, -32.5 ], [ -156.517175572519079, -32.5 ], [ -156.736641221374043, -32.5 ], [ -156.956106870229007, -32.5 ], [ -157.175572519083971, -32.5 ], [ -157.395038167938935, -32.5 ], [ -157.614503816793899, -32.5 ], [ -157.833969465648863, -32.5 ], [ -158.053435114503827, -32.5 ], [ -158.272900763358791, -32.5 ], [ -158.492366412213755, -32.5 ], [ -158.711832061068719, -32.5 ], [ -158.931297709923655, -32.5 ], [ -159.150763358778619, -32.5 ], [ -159.370229007633583, -32.5 ], [ -159.589694656488547, -32.5 ], [ -159.809160305343511, -32.5 ], [ -160.028625954198475, -32.5 ], [ -160.248091603053439, -32.5 ], [ -160.467557251908403, -32.5 ], [ -160.687022900763367, -32.5 ], [ -160.906488549618302, -32.5 ], [ -161.125954198473266, -32.5 ], [ -161.34541984732823, -32.5 ], [ -161.564885496183194, -32.5 ], [ -161.784351145038158, -32.5 ], [ -162.003816793893122, -32.5 ], [ -162.223282442748086, -32.5 ], [ -162.44274809160305, -32.5 ], [ -162.662213740458014, -32.5 ], [ -162.881679389312978, -32.5 ], [ -163.101145038167942, -32.5 ], [ -163.320610687022906, -32.5 ], [ -163.54007633587787, -32.5 ], [ -163.759541984732834, -32.5 ], [ -163.979007633587798, -32.5 ], [ -164.198473282442762, -32.5 ], [ -164.417938931297726, -32.5 ], [ -164.63740458015269, -32.5 ], [ -164.856870229007654, -32.5 ], [ -165.07633587786259, -32.5 ], [ -165.295801526717554, -32.5 ], [ -165.515267175572518, -32.5 ], [ -165.734732824427482, -32.5 ], [ -165.954198473282446, -32.5 ], [ -166.17366412213741, -32.5 ], [ -166.393129770992374, -32.5 ], [ -166.61259541984731, -32.5 ], [ -166.832061068702274, -32.5 ], [ -167.051526717557238, -32.5 ], [ -167.270992366412202, -32.5 ], [ -167.490458015267166, -32.5 ], [ -167.70992366412213, -32.5 ], [ -167.929389312977094, -32.5 ], [ -168.148854961832058, -32.5 ], [ -168.368320610687022, -32.5 ], [ -168.587786259541986, -32.5 ], [ -168.80725190839695, -32.5 ], [ -169.026717557251914, -32.5 ], [ -169.246183206106878, -32.5 ], [ -169.465648854961842, -32.5 ], [ -169.685114503816806, -32.5 ], [ -169.90458015267177, -32.5 ], [ -170.124045801526734, -32.5 ], [ -170.343511450381698, -32.5 ], [ -170.562977099236662, -32.5 ], [ -170.782442748091597, -32.5 ], [ -171.001908396946561, -32.5 ], [ -171.221374045801525, -32.5 ], [ -171.440839694656489, -32.5 ], [ -171.660305343511453, -32.5 ], [ -171.879770992366417, -32.5 ], [ -172.099236641221381, -32.5 ], [ -172.318702290076345, -32.5 ], [ -172.538167938931309, -32.5 ], [ -172.757633587786245, -32.5 ], [ -172.977099236641209, -32.5 ], [ -173.196564885496173, -32.5 ], [ -173.416030534351137, -32.5 ], [ -173.635496183206101, -32.5 ], [ -173.854961832061065, -32.5 ], [ -174.074427480916029, -32.5 ], [ -174.293893129770993, -32.5 ], [ -174.513358778625957, -32.5 ], [ -174.732824427480921, -32.5 ], [ -174.952290076335885, -32.5 ], [ -175.171755725190849, -32.5 ], [ -175.391221374045813, -32.5 ], [ -175.610687022900777, -32.5 ], [ -175.830152671755741, -32.5 ], [ -176.049618320610705, -32.5 ], [ -176.269083969465669, -32.5 ], [ -176.488549618320604, -32.5 ], [ -176.708015267175568, -32.5 ], [ -176.927480916030532, -32.5 ], [ -177.146946564885496, -32.5 ], [ -177.36641221374046, -32.5 ], [ -177.585877862595424, -32.5 ], [ -177.805343511450388, -32.5 ], [ -178.024809160305352, -32.5 ], [ -178.244274809160316, -32.5 ], [ -178.463740458015252, -32.5 ], [ -178.683206106870216, -32.5 ], [ -178.90267175572518, -32.5 ], [ -179.122137404580144, -32.5 ], [ -179.341603053435108, -32.5 ], [ -179.561068702290072, -32.5 ], [ -179.780534351145036, -32.5 ], [ -180.0, -32.5 ], [ -180.0, -32.285714285714285 ], [ -180.0, -32.071428571428569 ], [ -180.0, -31.857142857142854 ], [ -180.0, -31.642857142857142 ], [ -180.0, -31.428571428571431 ], [ -180.0, -31.214285714285715 ], [ -180.0, -31.0 ], [ -180.0, -30.785714285714285 ], [ -180.0, -30.571428571428569 ], [ -180.0, -30.357142857142858 ], [ -180.0, -30.142857142857146 ], [ -180.0, -29.928571428571431 ], [ -180.0, -29.714285714285715 ], [ -180.0, -29.5 ], [ -180.0, -29.285714285714285 ], [ -180.0, -29.071428571428573 ], [ -180.0, -28.857142857142858 ], [ -180.0, -28.642857142857142 ], [ -180.0, -28.428571428571431 ], [ -180.0, -28.214285714285715 ], [ -180.0, -28.0 ], [ -180.0, -27.785714285714285 ], [ -180.0, -27.571428571428569 ], [ -180.0, -27.357142857142858 ], [ -180.0, -27.142857142857146 ], [ -180.0, -26.928571428571431 ], [ -180.0, -26.714285714285715 ], [ -180.0, -26.5 ], [ -180.0, -26.285714285714285 ], [ -180.0, -26.071428571428573 ], [ -180.0, -25.857142857142858 ], [ -180.0, -25.642857142857142 ], [ -180.0, -25.428571428571431 ], [ -180.0, -25.214285714285715 ], [ -180.0, -25.0 ], [ -180.0, -24.785714285714285 ], [ -180.0, -24.571428571428569 ], [ -180.0, -24.357142857142858 ], [ -180.0, -24.142857142857146 ], [ -180.0, -23.928571428571431 ], [ -180.0, -23.714285714285715 ], [ -180.0, -23.5 ] ] ] ] } }
]
}
